groupName,level,members
WET WEATHER,0,"HAIL, RAIN, SLEET, SNOW"
NBA TEAMS,1,"BUCKS, HEAT, JAZZ, NETS"
KEYBOARD KEYS,2,"OPTION, RETURN, SHIFT, TAB"
PALINDROMES,3,"KAYAK, LEVEL, MOM, RACE CAR"
FOOTWEAR,0,"BOOT, LOAFER, PUMP, SNEAKER"
UNITS OF LENGTH,1,"FOOT, LEAGUE, MILE, YARD"
MAGAZINES,2,"ESSENCE, PEOPLE, TIME, US"
LETTER HOMOPHONES,3,"ARE, QUEUE, SEA, WHY"
FACIAL FEATURES,0,"CHEEK, EYE, MOUTH, NOSE"
SYNONYMS FOR EAT,1,"CHOW, GOBBLE, SCARF, WOLF"
"DOG BREEDS, INFORMALLY",2,"LAB, PEKE, PIT, POM"
MEMBERS OF A TRIO,3,"AMIGO, KING, STOOGE, TENOR"
SNEAKER BRANDS,0,"ADIDAS, NIKE, PUMA, REEBOK"
"MUSICALS BEGINNING WITH ""C""",1,"CABARET, CAROUSEL, CATS, CHICAGO"
CLEANING VERBS,2,"DUST, MOP, SWEEP, VACUUM"
___ MAN SUPERHEROES,3,"BAT, IRON, SPIDER, SUPER"
STREAMING SERVICES,0,"HULU, NETFLIX, PEACOCK, PRIME"
CONDIMENTS,1,"KETCHUP, MAYO, RELISH, TARTAR"
SYNONYMS FOR SAD,2,"BLUE, DOWN, GLUM, LOW"
CLUE CHARACTERS,3,"GREEN, MUSTARD, PLUM, SCARLET"
MONOPOLY SQUARES,0,"BOARDWALK, CHANCE, GO, JAIL"
SHADES OF BLUE,1,"BABY, MIDNIGHT, POWDER, ROYAL"
RAPPERS,2,"COMMON, FUTURE, ICE CUBE, Q-TIP"
MEMBERS OF A SEPTET,3,"SEA, SIN, SISTER, WONDER"
LEG PARTS,0,"ANKLE, KNEE, SHIN, THIGH"
BABY ANIMALS,1,"CALF, CUB, JOEY, KID"
SLANG FOR TOILET,2,"CAN, HEAD, JOHN, THRONE"
___ FISH THAT AREN'T FISH,3,"CRAY, JELLY, SILVER, STAR"
BOARD GAMES,0,"BACKGAMMON, CHECKERS, CHESS, GO"
MATTRESS SIZES,1,"FULL, KING, QUEEN, TWIN"
THINGS THAT ARE RED,2,"CHERRY, FIRE TRUCK, RUBY, STOP SIGN"
THINGS WITH KEYS,3,"CRYPTOGRAPHY, FLORIDA, LOCKSMITH, PIANO"
SPORTS,0,"CRICKET, FENCING, POLO, SQUASH"
TOPS,1,"CAMI, HALTER, TANK, TEE"
VEGETABLES,2,"BEET, CARROT, CORN, ONION"
INSECTS,3,"ANT, BEETLE, MANTIS, TERMITE"
FRUIT,0,"DATE, KIWI, LEMON, ORANGE"
COUNTRIES,1,"CHAD, GEORGIA, JORDAN, TOGO"
BIRDS,2,"CRANE, JAY, SWALLOW, TURKEY"
ZODIAC SYMBOLS,3,"FISH, GOAT, SCALES, TWINS"
"SPICES BEGINNING WITH ""C""",0,"CARDAMOM, CLOVE, CORIANDER, CUMIN"
TERMS OF ENDEARMENT,1,"BOO, HONEY, SUGAR, SWEETIE"
THINGS WITH WINGS,2,"AIRPLANE, ANGEL, BIRD, PEGASUS"
SPICE GIRLS,3,"BABY, GINGER, POSH, SCARY"
ANIMAL GROUP NAMES,0,"FLOCK, PACK, POD, SCHOOL"
DEADLY SINS,1,"ENVY, GREED, LUST, PRIDE"
SLOW ANIMALS,2,"LORIS, SLOTH, SNAIL, TORTOISE"
TRIG FUNCTIONS,3,"COT, SEC, SIN, TAN"
AIRLINES,0,"FRONTIER, SPIRIT, UNITED, VIRGIN"
GREEK LETTERS,1,"BETA, CHI, DELTA, IOTA"
"SILENT ""G""",2,"GNAT, GNAW, GNOCCHI, GNOME"
HOMOPHONES,3,"GNU, KNEW, NEW, NU"
BEDS,0,"BUNK, CANOPY, MURPHY, TRUNDLE"
FAMOUS BROTHERS,1,"JONAS, MARX, WARNER, WRIGHT"
HONDAS,2,"ACCORD, CIVIC, PASSPORT, PILOT"
VIDEO GAME CHARACTERS,3,"CRASH, LINK, MARIO, SONIC"
BIRD SOUNDS,0,"CAW, CHIRP, CLUCK, TWEET"
COLORS,1,"BROWN, PINK, TURQUOISE, VIOLET"
FISHING GEAR,2,"LURE, REEL, ROD, TACKLE"
FICTIONAL PIRATES,3,"HOOK, JONES, SILVER, SPARROW"
COFFEE DRINKS,0,"AMERICANO, CAPPUCCINO, ESPRESSO, LATTE"
TREE NUTS,1,"ALMOND, CASHEW, PECAN, WALNUT"
SHADES OF GREEN,2,"EMERALD, FOREST, KELLY, OLIVE"
MR. ___,3,"BEAN, CLEAN, FOX, PEANUT"
NECKWEAR,0,"ASCOT, BOLO, SCARF, TIE"
SHIP DIRECTIONS,1,"BOW, PORT, STARBOARD, STERN"
DETERGENTS,2,"ALL, ERA, GAIN, TIDE"
___ TRIANGLE,3,"ACUTE, BERMUDA, LOVE, RIGHT"
"MUSCLES, INFORMALLY",0,"LAT, PEC, QUAD, TRI"
AWARDS,1,"CUP, MEDAL, RIBBON, TROPHY"
TITLE TV DOCTORS,2,"GREY, HOUSE, HOWSER, QUINN"
NFL PLAYERS,3,"BEAR, BILL, BROWN, COMMANDER"
OFF-WHITE SHADES,0,"CREAM, EGGSHELL, IVORY, VANILLA"
ANTI-VAMPIRE,1,"CRUCIFIX, GARLIC, MIRROR, STAKE"
KINDS OF MEAT,2,"BEEF, PORK, POULTRY, VENISON"
SYNONYMS FOR ARGUMENT,3,"ROW, QUARREL, SPAT, TIFF"
GRAINS,0,"BARLEY, OAT, RYE, SPELT"
ROYAL TITLES,1,"BARON, EARL, KING, PRINCE"
UNIVERSITIES,2,"BROWN, DUKE, HOWARD, RICE"
BEST DIRECTOR OSCAR WINNERS,3,"BONG, FORD, LEE, STONE"
MUSIC GENRES,0,"JAZZ, POP, PUNK, RAP"
WEB BROWSERS,1,"CHROME, EDGE, OPERA, SAFARI"
"""LITTLE WOMEN"" SISTERS",2,"AMY, BETH, JO, MEG"
LIL ___ RAPPERS,3,"BABY, JON, KIM, WAYNE"
DOG BREEDS,0,"BOXER, DALMATIAN, HUSKY, POODLE"
ANIMAL NOSES,1,"BEAK, MUZZLE, SNOUT, TRUNK"
TRAFFIC SIGNS,2,"DETOUR, SLOW, STOP, YIELD"
SOUND ___,3,"ASLEEP, BARRIER, BITE, WAVE"
60's BAND MEMBERS,0,"BEACH BOY, BEATLE, BYRD, MONKEE"
DANCE FADS,1,"DOUGIE, MACARENA, MASHED POTATO, TWIST"
MAGAZINES,2,"FORTUNE, ROLLING STONE, VOGUE, WIRED"
THINGS WITH LINKS,3,"CHAIN, GOLF COURSE, SAUSAGE, WEBSITE"
CANDY BARS,0,"BOUNTY, CRUNCH, HEATH, MILKY WAY"
VIDEO GAME CONSOLES,1,"DREAMCAST, GENESIS, SWITCH, WII"
EAR PARTS,2,"ANVIL, COCHLEA, HAMMER, STIRRUP"
BAND NAMES MINUS NUMBERS,3,"BLINK, MAROON, SUM, U"
DESSERTS,0,"CHEESECAKE, FLAN, MOUSSE, TIRAMISU"
MILD OATHS,1,"DARN, FUDGE, HECK, SHOOT"
ANIMALS WITH TUSKS,2,"ELEPHANT, HIPPO, NARWHAL, WARTHOG"
MUSTACHES,3,"HANDLEBAR, HORSESHOE, PENCIL, WALRUS"
EUROPEAN COUNTRIES,0,"DENMARK, GREECE, POLAND, PORTUGAL"
SYNONYMS FOR IMITATE,1,"COPY, ECHO, MIMIC, PARROT"
TOMS,2,"CRUISE, HOLLAND, PETTY, WAITS"
WORDS SPELLED WITH ROMAN NUMERALS,3,"DILL, LIVID, MILD, MIX"
HATS,0,"BERET, BOWLER, FEDORA, FEZ"
ORGANS,1,"HEART, KIDNEY, LIVER, LUNG"
PARTS OF A BOOK,2,"COVER, JACKET, PAGE, SPINE"
JACK ___,3,"ASS, KNIFE, POT, RABBIT"
SEVEN DWARFS,0,"BASHFUL, DOC, GRUMPY, HAPPY"
FILE EXTENSIONS,1,"GIF, PDF, TIFF, ZIP"
FLIGHTLESS BIRDS,2,"EMU, KIWI, OSTRICH, PENGUIN"
TROPICAL FRUITS,3,"BANANA, COCONUT, MANGO, PINEAPPLE"
WINGED INSECTS,0,"FLY, GNAT, MOTH, WASP"
ARITHMETIC OPERATIONS,1,"ADD, DIVIDE, MULTIPLY, SUBTRACT"
FISH,2,"TANG, TETRA, SKATE, SOLE"
___ CAT,3,"ALLEY, COOL, COPY, LAP"
NFL PLAYERS,0,"BRONCO, COWBOY, PACKER, RAVEN"
PASTA SHAPES,1,"BOWTIE, ELBOW, SHELL, SPIRAL"
JOINTS,2,"HIP, KNEE, SHOULDER, WRIST"
"MOVIES WITH ""!""",3,"AIRPLANE, MOTHER, OKLAHOMA, THEM"
VEGETABLES THAT ARE ALSO FRUITS,0,"CUCUMBER, EGGPLANT, PEPPER, TOMATO"
3-D SHAPES,1,"CONE, CUBE, PYRAMID, SPHERE"
"WORDS WITH ""i""",2,"MAC, PAD, PHONE, POD"
WORDS WITH TWO PRONUNCIATIONS,3,"JOB, LIMA, MOBILE, POLISH"
SHOE PARTS,0,"HEEL, LACE, SOLE, TONGUE"
BOARD GAMES,1,"CLUE, RISK, SORRY, TROUBLE"
FICTIONAL SPIES,2,"BOND, HUNT, RYAN, SMART"
RUBBER ___,3,"BAND, CEMENT, DUCKIE, SOUL"
BOATS,0,"FERRY, JUNK, TUG, YACHT"
SANDWICHES,1,"CLUB, CUBAN, MELT, SUB"
CUTS OF BEEF,2,"FLANK, LOIN, ROUND, SHANK"
NICKNAMES THAT ARE VERBS,3,"CHUCK, JOSH, ROB, SUE"
PLEASANT SMELLS,0,"AROMA, BOUQUET, FRAGRANCE, SCENT"
MUSIC GENRES,1,"BLUES, COUNTRY, FUNK, SOUL"
ROCK PAPER SCISSORS,2,"PAPER, ROCK, SCISSORS, SHOOT"
MALE ANIMALS,3,"BOAR, BUCK, BULL, JACK"
U.S. COINS,0,"DIME, NICKEL, PENNY, QUARTER"
METAL ELEMENTS,1,"IRON, LEAD, TIN, ZINC"
LUCKY CHARMS MARSHMALLOWS,2,"CLOVER, HORSESHOE, MOON, RAINBOW"
___ AND ___,3,"AGAIN, HALF, NECK, SO"
MARSUPIALS,0,"KANGAROO, KOALA, WALLABY, WOMBAT"
CHOCOLATE BARS,1,"CHUNKY, CRUNCH, MARS, MOUNDS"
SLANG FOR MONEY,2,"CHEDDAR, DOUGH, PAPER, STACKS"
NAKED ___,3,"EYE, GUN, MOLE RAT, TRUTH"
MARINE MAMMALS,0,"DOLPHIN, MANATEE, OTTER, SEAL"
BIKE PARTS,1,"BRAKE, CHAIN, SADDLE, SPOKE"
SYNONYMS FOR SELL,2,"HAWK, MOVE, PEDDLE, VEND"
"COUNTRIES WHEN ""A"" IS ADDED",3,"CHIN, CUB, MALT, TONG"
TREES,0,"ASH, CEDAR, MAPLE, PINE"
LAND FORMATIONS,1,"HILL, MOUNTAIN, PLATEAU, VALLEY"
BAGEL FLAVORS,2,"EVERYTHING, ONION, PLAIN, POPPY"
STREETS ON SCREEN,3,"ELM, FEAR, JUMP, SESAME"
TIMEKEEPING DEVICES,0,"CLOCK, HOURGLASS, SUNDIAL, WATCH"
HAIRSTYLES,1,"BOB, CROP, PIXIE, SHAG"
UNITS OF MEASURE,2,"HERTZ, MOLE, NEWTON, SECOND"
DR. ___,3,"EVIL, J, NO, PEPPER"
WOODWINDS,0,"BASSOON, CLARINET, FLUTE, OBOE"
COVERINGS,1,"CAP, COVER, LID, TOP"
SUNGLASSES,2,"AVIATOR, CAT EYE, WAYFARER, WRAPAROUND"
SEALS,3,"HARBOR, HARP, HOODED, MONK"
BOTTLED WATER BRANDS,0,"DASANI, EVIAN, FIJI, VOSS"
SLANG FOR COFFEE,1,"BREW, JAVA, JOE, MUD"
ISLAND COUNTRIES,2,"CUBA, JAPAN, MALTA, PALAU"
CEREAL MASCOTS,3,"LUCKY, POP, SAM, TONY"
SCUBA GEAR,0,"FINS, MASK, SNORKEL, TANK"
PUNCTUATION MARKS,1,"COLON, COMMA, HYPHEN, PERIOD"
RUN QUICKLY,2,"BOLT, DASH, RACE, SPRINT"
___ CAT,3,"DOJA, FAT, HOUSE, JUNGLE"
SYNONYMS FOR ANGRY,0,"FURIOUS, INCENSED, IRATE, LIVID"
THINGS THAT ARE YELLOW,1,"BANANA, CANARY, SCHOOL BUS, SUNFLOWER"
MARINE BIRDS,2,"BOOBY, GULL, PELICAN, PUFFIN"
___ BOYS,3,"BEACH, BEASTIE, HARDY, LOST"
STATES OF MATTER,0,"GAS, LIQUID, PLASMA, SOLID"
EDIT MENU COMMANDS,1,"COPY, CUT, PASTE, UNDO"
DEFEAT BADLY,2,"CRUSH, ROUT, SHELLAC, TRASH"
ANAGRAMS,3,"LEAST, SLATE, STALE, TESLA"
MODES OF TRANSPORTATION,0,"BOAT, CAR, PLANE, TRAIN"
NBA PLAYERS,1,"KING, MAGIC, SUN, THUNDER"
FAST FOOD CHAINS,2,"CHECKERS, OUTBACK, SONIC, SUBWAY"
BAND NAMES MINUS COLORS,3,"DAY, FLOYD, SABBATH, STRIPES"
MOVIE TITLE CITIES,0,"CHICAGO, MUNICH, PHILADELPHIA, RIO"
FASHION MAGAZINES,1,"ALLURE, ELLE, GLAMOUR, W"
STORMS,2,"BLIZZARD, CYCLONE, SQUALL, TORNADO"
COCKTAILS,3,"COSMOPOLITAN, HURRICANE, MANHATTAN, SCREWDRIVER"
BIOMES,0,"DESERT, FOREST, GRASSLAND, TUNDRA"
LIZARDS,1,"CHAMELEON, GECKO, IGUANA, MONITOR"
YOGA POSES,2,"COBRA, LOTUS, TREE, WARRIOR"
DANCES WHEN DOUBLED,3,"CAN, CHA, GO, NAE"
FABRICS,0,"CORDUROY, DENIM, LINEN, TWEED"
APPARITIONS,1,"GHOST, PHANTOM, SPECTER, SPIRIT"
SYNONYMS FOR BOTHER,2,"NEEDLE, POKE, RIB, TEASE"
DISNEY CHARACTERS,3,"BEAST, GENIE, SCAR, STITCH"
RELATIVES,0,"AUNT, COUSIN, MOTHER, NEPHEW"
SYNONYMS FOR OFFBEAT,1,"DAFFY, KOOKY, QUIRKY, WACKY"
DISNEY DUCKS,2,"DAISY, DEWEY, DONALD, SCROOGE"
___ CLOCK,3,"ALARM, BIOLOGICAL, CUCKOO, GRANDFATHER"
UNITS OF LENGTH,0,"FOOT, INCH, MILE, YARD"
TYPES OF PAINT,1,"ACRYLIC, OIL, TEMPERA, WATERCOLOR"
DEEP-FRIED FOOD,2,"FALAFEL, KATSU, SAMOSA, SCHNITZEL"
STARTS OF U.S. COINS,3,"DIM, NICK, PEN, QUART"
LONG SANDWICHES,0,"HERO, HOAGIE, GRINDER, SUB"
DATING APPS,1,"BUMBLE, HINGE, MATCH, TINDER"
VAMPIRE MOVIES,2,"BLADE, LOST BOYS, NEAR DARK, TWILIGHT"
ADAMS,3,"ANT, DRIVER, SCOTT, WEST"
COMPUTER EQUIPMENT,0,"KEYBOARD, MONITOR, MOUSE, SPEAKER"
RODENTS,1,"GERBIL, HAMSTER, RAT, VOLE"
MUSICAL INSTRUMENTS,2,"HARP, HORN, ORGAN, TRIANGLE"
SYNONYMS FOR COMPLAIN,3,"CARP, GRIPE, GROUSE, MOAN"
ANIMAL GROUP NAMES,0,"COLONY, HERD, PRIDE, SWARM"
STONED,1,"BAKED, BLAZED, HIGH, LIT"
AP CLASSES,2,"BIO, CHEM, GOV, STATS"
TAXONOMY RANKS,3,"CLASS, DOMAIN, FAMILY, ORDER"
PLACES FOR WORSHIP,0,"ALTAR, RELIQUARY, SHRINE, TEMPLE"
CARTOON CATS,1,"FELIX, GARFIELD, SYLVESTER, TOM"
PRESIDENTIAL FIRST NAMES,2,"CALVIN, CHESTER, GROVER, HARRY"
___ ROAD,3,"ABBEY, HIGH, ROCKY, SILK"
CLASSIC TOYS,0,"BLOCKS, DOLL, TOP, YO-YO"
WORDS WITH THREE G'S,1,"BAGGAGE, EGGNOG, GIGGLE, LEGGINGS"
SHAKESPEARE CHARACTERS,2,"DUNCAN, JULIET, PUCK, VIOLA"
___ STICK,3,"FISH, HOCKEY, MEMORY, SELFIE"
CLASSIC ARCADE GAMES,0,"ASTEROIDS, BREAKOUT, FROGGER, PONG"
DANCES,1,"HUSTLE, SALSA, SWING, TANGO"
TOUCHSCREEN GESTURES,2,"PINCH, SPREAD, SWIPE, TAP"
RAPPERS MINUS NUMBERS,3,"CENT, CHAINZ, PAC, SAVAGE"
MOVIE GENRES,0,"HORROR, MUSICAL, ROMANCE, WESTERN"
PATTERNS,1,"HOUNDSTOOTH, PAISLEY, PLAID, STRIPES"
SYNONYMS FOR FALSEHOOD,2,"FIB, FICTION, LIE, TALE"
CANDY PIECES,3,"DOT, GOOBER, KISS, WHOPPER"
ARACHNIDS,0,"MITE, SCORPION, SPIDER, TICK"
FISH,1,"CHAR, EEL, PERCH, SHARK"
SUPERHEROES,2,"BLACK WIDOW, BLADE, FLASH, STORM"
MTV SHOWS,3,"CATFISH, CRIBS, JACKASS, STATE"
UNSPECIFIED QUANTITIES,0,"FEW, HANDFUL, SEVERAL, SOME"
NEWSPAPERS,2,"GLOBE, JOURNAL, POST, SUN"
CELESTIAL OBJECTS,1,"ASTEROID, COMET, MOON, PLANET"
FRUIT HOMOPHONES,3,"LYME, MELLON, PAIR, PLUMB"
HORROR FRANCHISES,0,"PURGE, RING, SAW, SCREAM"
SPORTS VENUES,1,"COURT, DIAMOND, FIELD, RINK"
MAKE HAPPY,2,"CHARM, DELIGHT, PLEASE, TICKLE"
JEWELRY,3,"ANKLET, BANGLE, BROOCH, PENDANT"
THEORETICAL PHYSICISTS,0,"EINSTEIN, FEYNMAN, HAWKING, OPPENHEIMER"
TALENT,1,"FACULTY, FLAIR, GENIUS, GIFT"
AUSTRALIAN TERMS,2,"BARBIE, BUSH, CRIKEY, MATE"
___ POINT,3,"MATCH, MOOT, SELLING, WEST"
STATE ABBREVIATIONS,0,"CO, MA, ME, PA"
MUSICAL NOTES,1,"DO, FA, LA, TI"
GREEK LETTERS,2,"MU, NU, PI, XI"
PERIODIC TABLE SYMBOLS,3,"FE, HE, NA, NI"
FASTENING VERBS,0,"BUCKLE, BUTTON, SNAP, ZIP"
SLANG FOR ZERO,1,"JACK, NADA, NOTHING, SQUAT"
GYM EXERCISES,2,"CURL, LUNGE, PLANK, PRESS"
"""CAPTAINS""",3,"CRUNCH, KANGAROO, OBVIOUS, PLANET"
CLASSIC DOG NAMES,0,"FIDO, LUCKY, ROVER, SPOT"
PERCEIVE,1,"CATCH, NOTICE, OBSERVE, SEE"
FISHING TERMS,2,"BAIT, CHUM, FLY, SINKER"
T-___,3,"BONE, REX, SHIRT, STORM"
STATES OF MATTER,0,"GAS, LIQUID, PLASMA, SOLID"
ENERGY,1,"JUICE, SPIRIT, STEAM, VIGOR"
CLASSICAL ELEMENTS,2,"AIR, EARTH, FIRE, WATER"
THINGS WITH RINGS,3,"CIRCUS, SATURN, TREE, WEDDING"
TIME PERIODS,0,"CENTURY, DECADE, MILLENNIUM, YEAR"
BREAKFAST FOODS,1,"CEREAL, OMELET, PANCAKE, WAFFLE"
PAINTERS,2,"BACON, CLOSE, MUNCH, WHISTLER"
ONE IN A DOZEN,3,"EGG, JUROR, MONTH, ROSE"
DESSERTS,0,"CAKE, COBBLER, PIE, TART"
OCCUPATIONAL SURNAMES,1,"FISHER, MASON, MILLER, SMITH"
ALTER DECEPTIVELY,2,"DISTORT, DOCTOR, FUDGE, TWIST"
SQUARE ___,3,"DANCE, MEAL, ONE, ROOT"
UNITS OF VOLUME,0,"CUP, GALLON, PINT, QUART"
EXTREMELY,1,"AWFUL, QUITE, SUPER, VERY"
WORLD CURRENCIES,2,"RAND, REAL, STERLING, WON"
___ CAKE,3,"CARROT, COFFEE, POUND, SPONGE"
FRIEND,0,"BUD, CHUM, MATE, PAL"
COOKWEAR,1,"CROCK, POT, SKILLET, WOK"
SHOES,2,"CLOG, PUMP, SLIDE, WEDGE"
SLANG FOR CANNABIS,3,"GRASS, HERB, MARY JANE, WEED"
CAMPING SUPPLIES,0,"COOLER, LANTERN, SLEEPING BAG, TENT"
INSULT,1,"BARB, DIG, DISS, JAB"
TINY,2,"MINUTE, SLIGHT, SMALL, WEE"
HAPPY ___,3,"CAMPER, HOUR, MEAL, MEDIUM"
U.S. MOUNTAIN STATES,0,"ARIZONA, COLORADO, NEVADA, UTAH"
SODA BRANDS,1,"CRUSH, MUG, SPRITE, SQUIRT"
CLASSIC ROCK BANDS,2,"GENESIS, KANSAS, RUSH, YES"
TONY ___,3,"HAWK, MONTANA, SOPRANO, STARK"
PERFORMING ARTISTS,0,"ACTOR, DANCER, SINGER, STAND-UP"
SANTA'S REINDEER,1,"COMET, CUPID, DASHER, VIXEN"
SEEN ON VALENTINE'S DAY,2,"CARD, CHOCOLATE, HEART, ROSE"
"""BAD ___"" MOVIES""",3,"BOYS, LIEUTENANT, SANTA, TASTE"
FACIAL HAIR,0,"BEARD, GOATEE, MUSTACHE, STUBBLE"
BIKE PARTS,1,"GEAR, HANDLEBAR, PEDAL, WHEEL"
PURSUE,2,"DOG, FOLLOW, TAIL, TRACK"
THINGS THAT ARE CAST,3,"DOUBT, MOVIE, SHADOW, VOTE"
EXTINCT ANIMALS,0,"DODO, MAMMOTH, MASTODON, TRILOBITE"
FAILURES,1,"BUSTS, FLOPS, MISSES, TURKEYS"
SLANG FOR CLOTHES,2,"DUDS, GETUP, OUTFIT, THREADS"
KISS,3,"PECK, SMACK, SMOOCH, X"
SOCIAL GATHERING,0,"BASH, BLOWOUT, PARTY, SHINDIG"
"""PINOCCHIO"" FIGURES",1,"CRICKET, PUPPET, WHALE, WOODCARVER"
FOUND IN A KITCHEN,2,"COUNTER, MIXER, RANGE, SINK"
EASTER ___,3,"BUNNY, EGG, ISLAND, SUNDAY"
BOARD GAMES,0,"RISK, SORRY, TABOO, TROUBLE"
NEWSPAPER SECTIONS,1,"BUSINESS, NATIONAL, OPINION, STYLE"
FIGURES IN GREEK MYTH,2,"ATLAS, HERMES, NIKE, PARIS"
ADJECTIVES IN RAPPERS' NAMES,3,"FOXY, GUCCI, KILLER, NOTORIOUS"
POULTRY CUTS,0,"BREAST, DRUMSTICK, TENDER, WING"
GOLF TERMS,1,"DRIVER, EAGLE, HOLE, STROKE"
DRUM SET COMPONENTS,2,"CYMBAL, KICK, SNARE, TOM"
"ASSOCIATED WITH ""CRAWL""",3,"INFANT, PUB, SWIMMING, TICKER"
STATES OF ELATION,0,"BLISS, CLOUD NINE, HEAVEN, PARADISE"
SCAM,1,"CON, FAST ONE, HUSTLE, RACKET"
GREETING GESTURES,2,"HIGH FIVE, HUG, SHAKE, WAVE"
___ LIST,3,"BUCKET, GUEST, TOP TEN, WISH"
DEPART QUICKLY,0,"BOOK, BOUNCE, RUN, SPLIT"
ANIMALS THAT END WITH X,1,"FOX, IBEX, LYNX, ORYX"
SHADES OF BLACK,2,"EBONY, JET, ONYX, RAVEN"
WORDS BEFORE DAYS OF THE WEEK,3,"ASH, BLACK, CYBER, FAT"
PLAYGROUND FIXTURES,0,"SANDBOX, SEESAW, SLIDE, SWING"
INFLUENCE,1,"CLOUT, PULL, SWAY, WEIGHT"
EGYPTIAN SYMBOLS,2,"ANKH, CROOK, EYE, SCARAB"
FONTS,3,"COURIER, IMPACT, PAPYRUS, TIMES"
METAPHORICAL UNIT OF MONEY,0,"BIG ONE, BONE, BUCK, SMACKER"
MOTIVATE TO ACTION,1,"DRIVE, PROMPT, SPARK, SPUR"
"""WHO CARES?""",2,"AND, BIG DEAL, SO, WHATEVER"
THINGS WITH SHELLS,3,"CLAM, EGG, PEANUT, TURTLE"
DRINK VESSELS,0,"GOBLET, SNIFTER, TUMBLER, STEIN"
WOODWINDS,1,"CLARINET, FLUTE, OBOE, SAXOPHONE"
AMERICAN POETS,2,"BISHOP, FROST, OLDS, POUND"
CONSECUTIVE DOUBLE LETTERS,3,"BALLOON, BASSOON, COFFEE, FRICASSEE"
BOVIDS,0,"BUFFALO, COW, GOAT, SHEEP"
EMIT LIGHT,1,"BEAM, GLOW, RADIATE, SHINE"
GYMNASTICS APPARATUS,2,"FLOOR, HORSE, RINGS, VAULT"
WORDS THAT SOUND LIKE TWO LETTERS,3,"CUTIE, ENVY, EXCEL, SEEDY"
FEMALE ANIMALS,0,"COW, DOE, HEN, MARE"
PRONOUNS,1,"I, IT, THEY, WE"
ROMAN NUMERALS,2,"D, L, M, V"
HOMOPHONES,3,"EWE, U, YEW, YOU"
PAINTING ACCESSORIES,0,"BRUSH, CANVAS, EASEL, PALETTE"
AUTOMATIC TRANSMISSION SETTINGS,1,"DRIVE, NEUTRAL, PARK, REVERSE"
THINGS WITH TEETH,2,"COMB, GEAR, SAW, ZIPPER"
___ CHAIR,3,"FIRST, FOLDING, HIGH, LAWN"
INFORMATION DISPLAYS,0,"CHART, DIAGRAM, GRAPH, MAP"
ADDITIONAL BENEFIT,1,"BONUS, EXTRA, ICING, PERK"
THANKSGIVING FOOD,2,"GRAVY, PIE, STUFFING, TURKEY"
SONG TITLES WITH PARENTHESES,3,"I RAN, ISTANBUL, MONTERO, SATISFACTION"
CREATURES IN FOLKLORE,0,"GNOME, GOBLIN, OGRE, TROLL"
FLOWER PARTS,1,"BUD, LEAF, PETAL, STALK"
ONE INVOLVED IN ESPIONAGE,2,"AGENT, MOLE, PLANT, SPY"
CHINESE ZODIAC ANIMALS,3,"DRAGON, HORSE, RABBIT, TIGER"
ROCKY HORROR PICTURE SHOW,0,"HORROR, PICTURE, ROCKY, SHOW"
WHO FRAMED ROGER RABBIT,1,"FRAMED, RABBIT, ROGER, WHO"
WHEN HARRY MET SALLY,2,"HARRY, MET, SALLY, WHEN"
MAD MAX FURY ROAD,3,"FURY, MAD, MAX, ROAD"
INHERENT NATURE,0,"ESSENCE, HEART, SPIRIT, SOUL"
FERMENETED ALCOHOLIC BEVERAGES,1,"CIDER, PORT, SAKE, STOUT"
PIXAR MOVIES,2,"BRAVE, CARS, COCO, UP"
___ TAPE,3,"DEMO, RED, SCOTCH, TICKER"
BASEBALL CALLS,0,"BALL, OUT, SAFE, STRIKE"
HEAT SOURCES,1,"FORGE, FURNACE, KILN, OVEN"
FISH THAT ARE VERBS,2,"CARP, CATFISH, FLOUNDER, SMELT"
SILENT “L”,3,"COLONEL, SALMON, WALK, YOLK"
AMAZON ANIMALS,0,"ANACONDA, CAPYBARA, JAGUAR, TOUCAN"
LOWEST POINT,1,"BASE, BOTTOM, FOOT, FOUNDATION"
MUSICALS,2,"COMPANY, GREASE, HAIR, RENT"
SEA ___,3,"CHANGE, CUCUMBER, LEGS, LION"
HALLOWEEN DECORATIONS,0,"BAT, COBWEB, PUMPKIN, TOMBSTONE"
TV SHOWS,1,"24, BONES, FIREFLY, WEEDS"
SLOT MACHINE SYMBOLS,2,"7, BAR, BELL, CHERRY"
NUMBERS IN BOOK TITLES,3,"22, 451, 2001, 20,000"
HOT DRINKS,0,"CHAI, COCOA, COFFEE, TEA"
ANIMAL SOUNDS,1,"BUZZ, CLUCK, MEOW, OINK"
TREE FEATURES,2,"BARK, BRANCH, ROOT, TRUNK"
INSIDE INFO,3,"DIRT, DISH, SCOOP, SKINNY"
“SKEDADDLE!”,0,"GET OUT, GO, LEAVE, SCRAM"
PRONOUNS,1,"ME, THEM, US, YOU"
ANAGRAMS,2,"NOPE, OPEN, PEON, PONE"
___ BABY,3,"BEANIE, FUR, NEPO, SANTA"
EYE PARTS,0,"IRIS, LENS, PUPIL, RETINA"
COUNTERFEIT,1,"BOGUS, FAKE, PHONY, SHAM"
RADIO LINGO,2,"COPY, OUT, OVER, ROGER"
SONGS THAT ARE NAMES,3,"ALEJANDRO, LOLA, MICHELLE, STAN"
BOVIDS,0,"BUFFALO, COW, GOAT, SHEEP"
EMIT LIGHT,1,"BEAM, GLOW, RADIATE, SHINE"
GYMNASTICS APPARATUS,2,"FLOOR, HORSE, RINGS, VAULT"
WORDS THAT SOUND LIKE TWO LETTERS,3,"CUTIE, ENVY, EXCEL, SEEDY"
FAIRY TALE FIGURES,0,"GIANT, PRINCESS, WITCH, WOLF"
CHESS TERMS,1,"BISHOP, MATE, GAMBIT, QUEEN"
“PEANUTS” CHARACTERS,2,"CHARLIE, PEPPERMINT PATTY, PIGPEN, WOODSTOCK"
I LOVE ___,3,"LUCY, NEW YORK, ROCK 'N ROLL, YOU"
FRUITS,0,"APRICOT, FIG, GRAPE, LIME"
LUXURIOUS,1,"DELUXE, GRAND, LAVISH, OPULENT"
BEST ACTRESS OSCAR WINNERS,2,"BERRY, FOSTER, STONE, SWANK"
WHAT “GREEN” MIGHT MEAN,3,"ENVIOUS, FRESH, NAIVE, UNWELL"
INTELLIGENT,0,"BRIGHT, CLEVER, QUICK, SHARP"
AIRLINES,1,"ALASKA, FRONTIER, SOUTHWEST, SPIRIT"
WESTERN TROPES,2,"COWBOY, DRIFTER, OUTLAW, SHERIFF"
TV SHOW TITLE SURNAMES,3,"LASSO, MARS, ROGERS, SMART"
WEB BROWSER-RELATED,0,"BOOKMARK, HISTORY, TAB, WINDOW"
SHIRT FEATURES,1,"BUTTON, COLLAR, CUFF, POCKET"
CONNECTION,2,"BOND, LINK, RELATION, TIE"
DIRTY ___,3,"DOZEN, JOKE, LAUNDRY, MARTINI"
REPLACEMENT,0,"BACKUP, COPY, EXTRA, SPARE"
BOWLING,1,"ALLEY, BALL, LANE, PIN"
COMMON MERCH ITEMS,2,"MUG, PEN, TEE, TOTE"
NUMBER HOMOPHONES,3,"ATE, FOR, TOO, WON"
RESTAURANT WORKERS,0,"BARTENDER, CHEF, HOST, SERVER"
MOTOR VEHICLES,1,"BUS, CAR, MOTORCYCLE, TRUCK"
MUPPETS,2,"ANIMAL, BEAKER, GONZO, SCOOTER"
HAND- AND FOOT-RELATED SLANG,3,"DIGIT, DOG, MITT, PIGGY"
SODA FOUNTAIN ORDERS,0,"FLOAT, MALT, SHAKE, SUNDAE"
"SET, AS PLANS",1,"CONCRETE, FIRM, SOLID, TANGIBLE"
M. NIGHT SHYAMALAN MOVIES,2,"GLASS, OLD, SIGNS, SPLIT"
___BOARD,3,"DASH, HOVER, KEY, STAR"
ROBUST,0,"FIT, HEALTHY, SOUND, STRONG"
DECLINE,1,"DIP, DROP, FALL, SINK"
WATER SOURCES,2,"FOUNTAIN, SPRING, TAP, WELL"
WOMEN SINGERS,3,"KEYS, NICKS, SUMMER, SWIFT"
KITCHEN UTENSILS,0,"GRATER, LADLE, PEELER, WHISK"
VERTEBRATES,1,"BIRD, FISH, MAMMAL, REPTILE"
SUPER MARIO-RELATED,2,"DINOSAUR, MUSHROOM, PLUMBER, PRINCESS"
SITCOM FAMILIES,3,"BUNKER, CLEAVER, PARTRIDGE, TANNER"
BRIDAL ACCESSORIES,0,"BOUQUET, RING, TRAIN, VEIL"
“C” WORDS FOR “ENVELOP”,1,"CAKE, COAT, COVER, CRUST"
JACKS,2,"BLACK, FROST, MA, SPARROW"
SOCIAL MEDIA APP ENDINGS,3,"BOOK, GRAM, IN, TUBE"
SNAKES,0,"BOA, MAMBA, PYTHON, VIPER"
LINGERIE,1,"GARTER, SLIP, TEDDY, THONG"
SUMMARY,2,"ABSTRACT, BRIEF, DIGEST, RUNDOWN"
FULL ___,3,"CIRCLE, HOUSE, MONTY, MOON"
PRODUCED BY TREES,0,"ACORN, CONE, POLLEN, SAP"
CANDY STORE TREATS,1,"CHOCOLATE, GUM, LICORICE, LOLLIPOP"
TARGET OF A SCHEME,2,"CHUMP, FOOL, MARK, SUCKER"
THINGS WITH EYE(S),3,"FACE, HURRICANE, NEEDLE, POTATO"
REFLECT LIGHT,0,"FLASH, GLEAM, GLITTER, SPARKLE"
WAYS TO GATHER FOOD,1,"FISH, FORAGE, HUNT, TRAP"
RAP SUBGENRES,2,"BOUNCE, CRUNK, DRILL, GRIME"
LIGHT ___,3,"BEER, BULB, RAIL, YEAR"
VERY IMPORTANT,0,"CENTRAL, CRITICAL, KEY, VITAL"
RECYCLING CATEGORIES,1,"GLASS, METAL, PAPER, PLASTIC"
HUDSONS,2,"HENRY, JENNIFER, KATE, ROCK"
WHAT “BEAT” MAY MEAN,3,"ASSIGNMENT, DEFEAT, TEMPO, TIRED"
PLAYING CARD SUITS,0,"CLUB, DIAMOND, HEART, SPADE"
GOLF CLUBS,1,"IRON, PUTTER, WEDGE, WOOD"
YEARN,2,"ACHE, LONG, PINE, THIRST"
INSUFFICIENT,3,"LOW, SHORT, SHY, WANTING"
COFFEE COUNTER ITEMS,0,"CUP, LID, STIRRER, STRAW"
NOCTURNAL ANIMALS,1,"BAT, MOTH, OWL, WOLF"
THINGS THAT ARE RED,2,"BEET, BRICK, CARDINAL, POPPY"
___ FIGURE,3,"ACTION, BALLPARK, GO, STICK"
WAYS TO SHOW RESPECT,0,"BOW, KNEEL, SALUTE, STAND"
IPHONE APPS,1,"CLOCK, MAIL, MAPS, NOTES"
ANIMAL COVERINGS,2,"DOWN, FUR, SCALES, SHELL"
“POINTERS”,3,"ARROW, DOG, FINGER, HINT"
LONG-HAIRED ANIMALS,0,"AFGHAN, ALPACA, ANGORA, YAK"
PRATTLE ON,1,"BLATHER, CHAT, JABBER, GAB"
SNEAKER BRANDS,2,"CONVERSE, JORDAN, PUMA, VANS"
___ BALLOON,3,"LEAD, SPEECH, TRIAL, WATER"
CHRISTMAS-RELATED,0,"MISTLETOE, REINDEER, SNOWMAN, STOCKING"
MAKE PUBLIC,1,"DISPLAY, EXHIBIT, PRESENT, SHOW"
TORUS-SHAPED FOOD,2,"BAGEL, CHEERIO, DONUT, LIFESAVER"
THINGS WITH STRIPES,3,"CANDY CANE, CROSSWALK, REFEREE, TIGER"
DIVISION,0,"ARM, BRANCH, CHAPTER, WING"
IMPERIAL UNITS,1,"BUSHEL, PECK, STONE, TON"
M.L.B. TEAM MEMBER,2,"ANGEL, CUB, MET, RED"
INSECT HOMOPHONES,3,"AUNT, BEATLE, FLEE, NAT"
"LAUGHTER, IN A TEXT",0,"DEAD, HAHA, LOL, ROFL"
ART MOVEMENTS,1,"DADA, DECO, GOTHIC, POP"
“PETER PAN” CHARACTERS,2,"HOOK, NANA, PETER, WENDY"
LADY ___,3,"BIRD, GAGA, LUCK, MACBETH"
RHYMES,0,"DARREN, KAREN, SHARON, AARON"
NATURAL FEATURES,1,"DALE, BROOK, SAVANNA, CLIFF"
PAST TENSE VERBS,2,"DREW, ROSE, WILL, MAY"
PALINDROMES,3,"EVE, HANNAH, OTTO, NATAN"
CELEBRATORY OCCASIONS,0,"ANNIVERSARY, BIRTHDAY, SHOWER, WEDDING"
PHONE CONNECTIVITY,1,"BARS, RECEPTION, SERVICE, SIGNAL"
CITIES AND TOWNS IN ENGLAND,2,"BATH, DERBY, READING, SANDWICH"
___ OPERA,3,"COMIC, MET, ROCK, SOAP"
CROPS,0,"CORN, CUCUMBER, PEPPER, TOMATO"
SLANG FOR HEAD,1,"CROWN, DOME, MELON, NOODLE"
SONG,2,"CUT, NUMBER, SINGLE, TRACK"
THINGS THAT WHISTLE,3,"BIRD, KETTLE, REFEREE, TRAIN"
ORIGIN,0,"GENESIS, GERM, SEED, SOURCE"
BIBLE BOOKS,1,"ACTS, JOB, KINGS, MARK"
N.H.L. TEAMS,2,"FLAMES, KRAKEN, STARS, WILD"
POWER ___,3,"NAP, PLANT, RANGER, TRIP"
FILM SET DIRECTIVES,0,"ACTION, CAMERA, CUT, LIGHTS"
CONDITIONAL WORDS,1,"CAN, COULD, MAY, MIGHT"
FOREMOST,2,"HEAD, LEAD, PRIME, TOP"
___ PAPER,3,"BUTCHER, SCRAP, TOILET, WAX"
CONCEAL,0,"BLOCK, COVER, HIDE, MASK"
PARTS OF A WATCH,1,"CROWN, DIAL, HAND, STRAP"
WONDER WOMAN’S COSTUME,2,"LASSO, SHIELD, SWORD, TIARA"
THINGS THAT CAN RUN,3,"CANDIDATE, FAUCET, MASCARA, NOSE"
BEANS,0,"FAVA, KIDNEY, LIMA, PINTO"
CITIES BEGINNING WITH “L”,1,"LAGOS, LIMERICK, LINCOLN, LUXOR"
POETRY TERMS,2,"LINE, METER, RHYME, VERSE"
“THE(E) ___” RAPPERS,3,"CREATOR, DUDE, RAPPER, STALLION"
BUTT,0,"BOTTOM, BUNS, SEAT, TAIL"
ROTARY PHONE PARTS,1,"CORD, CRADLE, DIAL, HANDSET"
SLANG FOR HOME,2,"CRIB, DIGS, JOINT, PAD"
PLUNDER,3,"BOOTY, LOOT, SPOILS, SWAG"
TOOLS,0,"FILE, HAMMER, LEVEL, SAW"
PULL,1,"JERK, TUG, WRENCH, YANK"
SHORTCUT COMMANDS,2,"COPY, FIND, PRINT, SAVE"
TITLE MOVIE ANIMALS,3,"BABE, BEETHOVEN, CHARLOTTE, WILLY"
DAYS OF THE WEEK,0,"FRIDAY, SATURDAY, SUNDAY, THURSDAY"
GO BAD,1,"ROT, SOUR, SPOIL, TURN"
“THE ADDAMS FAMILY” CHARACTERS,2,"FESTER, LURCH, THING, WEDNESDAY"
FAT ___,3,"CAT, CHANCE, LIP, TUESDAY"
TAUNTS,0,"BOO, HISS, JEER, RASPBERRY"
FAILURE,1,"BOMB, DUD, FLOP, LEMON"
RUDELY BREAK OFF CONTACT,2,"DESERT, GHOST, IGNORE, JILT"
ROCK ___,3,"BOTTOM, CANDY, GARDEN, STAR"
SOMETHING TIRESOME,0,"BORE, DRAG, SNOOZE, YAWN"
BIT OF WIND,1,"BREEZE, DRAFT, GUST, PUFF"
PIQUANCY,2,"BITE, KICK, TANG, ZIP"
SINGULAR OF THINGS SEEN IN PAIRS,3,"BOXER, GOGGLE, PANT, TONG"
FALSIFY,0,"FABRICATE, FAKE, FIX, FORGE"
MILD OATHS,1,"FIDDLESTICKS, FIE, FRICK, FUDGE"
TV SHOWS,2,"FARGO, FIREFLY, FLEABAG, FLIPPER"
FAST ___,3,"FASHION, FOOD, FORWARD, FRIENDS"
ANIMAL HOMES,0,"DEN, HIVE, LAIR, NEST"
VIRTUAL SPACES,1,"CLOUD, METAVERSE, NET, WEB"
EQUITABLE,2,"EQUAL, EVEN, FAIR, JUST"
___ BURGER,3,"GOOD, IMPOSSIBLE, NOTHING, WARREN"
TABLEWARE,0,"BOWL, DISH, PLATE, SAUCER"
NONSENSE,1,"BALONEY, BUNK, CROCK, TRIPE"
BRA PARTS,2,"CUP, HOOK, STRAP, WIRE"
ACRONYMS,3,"LASER, RADAR, SCUBA, SPAM"
RELAX,0,"CHILL, HANG, LOAF, LOUNGE"
CATCHY SONG,1,"BANGER, BOP, GROOVE, JAM"
BRITISH CUISINE,2,"MASH, ROAST, SCONE, TRIFLE"
STICKY SITUATION,3,"BIND, PICKLE, SCRAPE, SPOT"
CELLPHONE MODES,0,"FOCUS, RING, SILENT, VIBRATE"
IMPEL,1,"DRIVE, INSPIRE, MOTIVATE, SPUR"
ROMANTIC BEGINNINGS,2,"CONNECTION, FEELINGS, SPARK, VIBE"
HARD ___,3,"HAT, COPY, KNOCKS, SELTZER"
ANIMAL GROUPS,0,"ARMY, COLONY, HERD, SCHOOL"
SMALL OPENING,1,"CRANNY, NICHE, NOOK, RECESS"
PARADIGMATIC,2,"CLASSIC, DEFINITIVE, MODEL, TEXTBOOK"
RHYMING COMPOUND WORDS,3,"BACKPACK, BIGWIG, DOWNTOWN, RAGTAG"
GRAMMAR TENSE TERMS,0,"FUTURE, PAST, PERFECT, PRESENT"
“GRACIOUS ME!”,1,"GOODNESS, HEAVENS, LORD, MERCY"
“12 DAYS OF CHRISTMAS” GIFTS,2,"DRUMMER, LADY, RING, SWAN"
___ SYRUP,3,"CORN, COUGH, MAPLE, SIMPLE"
INCREASE,0,"BUILD, GROW, SWELL, MOUNT"
"EXCELLENT, IN OLD SLANG",1,"ACES, KEEN, NEATO, NIFTY"
FINE BUBBLES,2,"FOAM, FROTH, HEAD, LATHER"
SPHERICAL THINGS,3,"BUBBLE, GLOBE, MARBLE, PEARL"
SHAMELESS BOLDNESS,0,"BRASS, CHEEK, GALL, NERVE"
METAL ELEMENTS,1,"COPPER, GOLD, NICKEL, SILVER"
WNBA TEAMS,2,"MERCURY, SKY, SPARKS, LIBERTY"
THINGS WITH TRUNKS,3,"CARS, ELEPHANTS, SWIMMER, TREES"
SENSES,0,"SIGHT, SMELL, TASTE, TOUCH"
APPEARANCE,1,"DRESS, LOOK, MANNER, STYLE"
“AGREE!”,2,"DITTO, LIKEWISE, SAME, SECOND"
___ MOON,3,"BLUE, HARVEST, NEW, SAILOR"
MISHMASH,0,"HASH, JUMBLE, MEDLEY, STEW"
GO UP AGAINST,1,"CHALLENGE, CONFRONT, FACE, OPPOSE"
GROUP OF OFFSPRING,2,"BROOD, CLUTCH, HATCH, LITTER"
GUITAR PARTS,3,"BODY, BRIDGE, FRET, NECK"
BIRD FEATURES,0,"BEAK, FEATHER, TALON, WING"
BLINK OF AN EYE,1,"FLASH, HEARTBEAT, SECOND, WINK"
MAHJONG TILES,2,"BAMBOO, DRAGON, SEASON, WIND"
___ BUTTON,3,"BELLY, HOT, PANIC, SNOOZE"
FLOWERS,0,"DAISY, ROSE, TULIP, VIOLET"
SEEN ON A FARM,1,"BARN, CHICKEN, FARMER, TRACTOR"
HORROR DIRECTORS,2,"ASTER, CARPENTER, CRAVEN, WAN"
___ JACKET,3,"BOMBER, DUST, LIFE, YELLOW"
SOCIAL MEDIA ACTIONS,0,"FOLLOW, LIKE, SHARE, SUBSCRIBE"
USE A NEEDLE AND THREAD,1,"DARN, HEM, SEAM, SEW"
SHOWS SET IN HOSPITALS,2,"ER, HOUSE, RATCHED, SCRUBS"
EXPRESSIONS OF HESITATION,3,"ERM, UH, UM, WELL"
IGNITE,0,"BURN, KINDLE, LIGHT, TORCH"
INFORMATION,1,"DATA, INFO, INTEL, NEWS"
SMALL WOODED AREA,2,"DELL, GLEN, HOLLOW, VALLEY"
THINGS WITH CORES,3,"APPLE, COMPUTER, PLANET, REACTOR"
NEVERTHELESS,0,"HOWEVER, STILL, THOUGH, YET"
REPEATED WORDS IN EXPRESSIONS,1,"HEAR, KNOCK, THERE, TUT"
WORDS ABBREVIATED WITH LETTERS,2,"ARE, SEE, WHY, YOU"
ROYAL ___,3,"FAMILY, FLUSH, JELLY, WE"
WAYS TO PREPARE,0,"DRILL, PRACTICE, STUDY, TRAIN"
HOLLOW CYLINDERS,1,"HOSE, PIPE, STRAW, TUBE"
WEAPONS IN THE GAME CLUE,2,"CANDLESTICK, KNIFE, ROPE, WRENCH"
“E-” THINGS,3,"CIGARETTE, BIKE, TICKET, SPORTS"
UNCHANGING,0,"EVEN, LEVEL, STABLE, STEADY"
"LONG, SHARP OBJECTS",1,"LANCE, PIN, SKEWER, SPIT"
MUSIC PUBLICATIONS,2,"BILLBOARD, PITCHFORK, ROLLING STONE, SPIN"
WORDS WITH NUMERICAL PREFIXES,3,"UNIFORM, BICYCLE, TRILOGY, QUADRANT"
INVESTMENTS,0,"BOND, CD, OPTION, STOCK"
TERMS FOR RECORDS,1,"LP, PLATTER, VINYL, WAX"
CUBE-SHAPED,2,"BOUILLON, DIE, ICE, SUGAR"
WORDS THAT GO WITH “BONE”,3,"FUNNY, HERRING, SOUP, WISH"
DIGITAL NOTIFICATION SOUNDS,0,"CHIME, DING, PING, RING"
TATTLE,1,"RAT, SING, SNITCH, SQUEAL"
GROUP WITHIN A GROUP,2,"CAMP, DIVISION, FACTION, WING"
MICROSOFT PRODUCTS,3,"BING, EDGE, SURFACE, WORD"
BROUGHT TO THE BEACH,0,"FLIP-FLOP, SUNSCREEN, TOWEL, UMBRELLA"
TYPES OF FRENCH FRIES,1,"CURLY, SHOESTRING, WAFFLE, WEDGE"
EQUIVOCATE,2,"HEDGE, SEE-SAW, WAVER, YO-YO"
SECOND WORDS OF VODKA COCKTAILS,3,"BREEZE, MARY, MULE, RUSSIAN"
DOCTORS’ ORDERS,0,"DIET, EXERCISE, FRESH AIR, SLEEP"
EMAIL ACTIONS,1,"COMPOSE, FORWARD, REPLY ALL, SEND"
PODCASTS,2,"RADIOLAB, SERIAL, UP FIRST, WTF"
___ COMEDY,3,"BLACK, DIVINE, PROP, SKETCH"
SPICES,0,"ANISE, DILL, NUTMEG, SAGE"
INTELLIGENT,1,"BRIGHT, QUICK, SHARP, SMART"
DEODORANTS,2,"AXE, DEGREE, OLD SPICE, SECRET"
MEDIEVAL WEAPONS,3,"CLUB, MACE, SPEAR, SWORD"
SPARSE/LACKING,0,"LIGHT, SHORT, SPARE, THIN"
FUN TIME,1,"BALL, BLAST, KICK, RIOT"
FILMMAKING EQUIPMENT,2,"BOOM, DOLLY, LENS, TRIPOD"
“GET A ___!”,3,"CLUE, GRIP, LIFE, ROOM"
PRESIDENTS,0,"FORD, GRANT, LINCOLN, WILSON"
SPORTS PROFESSIONALS,1,"COACH, GM, PLAYER, SCOUT"
CAR COMPANIES,2,"BMW, HONDA, JAGUAR, SUBARU"
COMMON PREFIXES,3,"AUTO, POST, SEMI, SUB"
UNIT OF LANGUAGE,0,"LETTER, PARAGRAPH, SENTENCE, WORD"
FUNNY PERSON,1,"CARD, CLOWN, CUTUP, JOKER"
TRADEMARK,2,"FEATURE, HALLMARK, STAMP, TRAIT"
THINGS WITH LEAVES,3,"BOOK, TABLE, TEA, TREE"
BASIC EMOTIONS,0,"ANGER, FEAR, HAPPINESS, SURPRISE"
BIT OF VOCAL FANFARE,1,"BEHOLD, PRESTO, TADA, VOILA"
OBTAIN,2,"GET, LAND, SECURE, WIN"
___ ANT,3,"ADAM, CARPENTER, FIRE, RED"
“GROSS!”,0,"EW, ICK, PU, UGH"
MAGAZINES,1,"O, OK, US, W"
“YES” IN DIFFERENT LANGUAGES,2,"HAI, JA, SI, DA"
HOMOPHONES,3,"OUI, WE, WEE, WII"
BALDERDASH,0,"BULL, HOGWASH, NONSENSE, ROT"
HELM,1,"DIRECT, GUIDE, LEAD, STEER"
SINGLE/PLURAL ANIMALS,2,"BUFFALO, DEER, FISH, MOOSE"
GREAT ___,3,"DANE, LAKE, SEAL, WHITE"
BODYWEIGHT EXERCISES,0,"DIPS, LUNGES, PLANKS, SQUATS"
EMAIL SIGN-OFFS,1,"BEST, CHEERS, REGARDS, THANKS"
"M.L.B. TEAMS, FOR SHORT",2,"CARDS, JAYS, NATS, YANKS"
ELIZABETHS,3,"BANKS, MOSS, TAYLOR, WARREN"
DECEIT,0,"ACT, BLUFF, CHARADE, FRONT"
QUICK PEEK,1,"GANDER, GLANCE, GLIMPSE, LOOK"
PARTS OF A MOUNTAIN,2,"CLIFF, CRAG, LEDGE, RIDGE"
HOMOPHONES,3,"PEAK, PEEK, PEKE, PIQUE"
ONSET,0,"BIRTH, CREATION, DAWN, START"
VENERABLE,1,"AUGUST, GRAND, NOBLE, REGAL"
WALK,2,"MARCH, STEP, STRIDE, TREAD"
___ DAY U.S. HOLIDAYS,3,"EARTH, GROUNDHOG, LABOR, MAY"
AREAS BETWEEN MOUNTAINS AND HILLS,0,"CANYON, GULCH, PASS, RAVINE"
EAT VORACIOUSLY,1,"GORGE, GULP, SCARF, WOLF"
FEATURED IN “SNOW WHITE”,2,"APPLE, BASHFUL, MIRROR, WITCH"
“C” + BIRD,3,"CHEN, CLARK, COWL, CRAVEN"
TYPES OF TEETH,0,"CANINE, FANG, MOLAR, TUSK"
FASHIONABLE,1,"CHIC, HIP, HOT, IN"
DANCE MOVES,2,"FLOSS, ROBOT, VOGUE, WORM"
THINGS THAT SUCK,3,"LEECH, STRAW, VACUUM, VAMPIRE"
CHUTNEY VARIETIES,0,"MANGO, MINT, TAMARIND, TOMATO"
RELIGIOUS FIGURES,1,"CARDINAL, LAMA, MONK, PASTOR"
IMITATE,2,"APE, MIME, MIRROR, PARROT"
PRIMATES,3,"BABOON, BONOBO, GIBBON, GORILLA"
ENDING IN A SILENT “T”,0,"BOUQUET, CHALET, PARFAIT, RAGOUT"
N.B.A. GREATS,1,"BIRD, CURRY, JAMES, JORDAN"
PLACES IN COCKTAIL NAMES,2,"ALABAMA, CUBA, LONG ISLAND, MOSCOW"
COUNTRIES WITH RED AND WHITE FLAGS,3,"JAPAN, PERU, TUNISIA, TURKEY"
CRITICIZE,0,"KNOCK, PAN, ROAST, SLAM"
REALITY SHOWS,1,"ALONE, CATFISH, CHOPPED, SURVIVOR"
CAR COMPANIES,2,"FIAT, JAGUAR, MINI, RAM"
___ PAD,3,"BACHELOR, LILY, MAXI, MOUSE"
FOOT PARTS,0,"ARCH, BALL, SOLE, TOE"
DOG COMMANDS,1,"COME, DOWN, SIT, STAY"
MUSICAL INSTRUMENTS,2,"BASS, HARP, HORN, ORGAN"
BADDIE,3,"DOG, HEEL, JERK, SNAKE"
MUNICIPALITIES,0,"CITY, COUNTY, TOWN, VILLAGE"
BLENDER BUTTONS,1,"CHOP, GRIND, PULSE, PUREE"
FINANCIAL TERMS,2,"CAPITAL, EQUITY, INTEREST, STOCK"
___ LEAGUE,3,"BEER, IVY, JUSTICE, PREMIER"
CARRY A TUNE,0,"HUM, SING, SCAT, WHISTLE"
WHOLE AMOUNT,1,"COUNT, GROSS, SUM, TOTAL"
MOJITO INGREDIENTS,2,"LIME, MINT, RUM, SODA"
ADHERE ... OR THINGS THAT ARE STICKY,3,"GLUE, GUM, TAPE, STICK"
ROOMS IN A HOUSE,0,"BEDROOM, DEN, KITCHEN, STUDY"
LAND SURROUNDED BY WATER,1,"ATOLL, BAR, ISLAND, KEY"
FILL TO EXCESS,2,"CRAM, JAM, PACK, STUFF"
BEAN ___,3,"BAG, COUNTER, DIP, SPROUT"
SECLUDED,0,"HIDDEN, PRIVATE, REMOTE, SECRET"
AGGREGATE SIZE,1,"AMOUNT, NUMBER, QUANTITY, VOLUME"
BODIES OF WATER,2,"CANAL, CHANNEL, SOUND, STRAIT"
READS THE SAME UPSIDE DOWN,3,"96, MOW, NOON, SIS"
AVOID,0,"DODGE, DUCK, ESCAPE, SKIRT"
HITCHCOCK MOVIES,1,"BIRDS, NOTORIOUS, REBECCA, ROPE"
SIDEKICKS,2,"GARTH, GOOSE, ROBIN, WATSON"
___ CHEESE,3,"COTTAGE, CREAM, SAY, STRING"
PLACES TO SHOP,0,"MALL, MARKET, OUTLET, STORE"
WAYS TO REMOVE HAIR,1,"SHAVE, THREAD, TWEEZE, WAX"
PORTION OF PROFIT,2,"CUT, PIECE, SHARE, TAKE"
KINDS OF WRENCHES,3,"ALLEN, CRESCENT, MONKEY, SOCKET"
CONTAINERS,0,"BASKET, BIN, CHEST, HAMPER"
CIRCULAR SHAPES,1,"BAND, CIRCLE, HOOP, RING"
RESTRICT,2,"CAP, CHECK, CURB, LIMIT"
___ JAM,3,"NBA, PAPER, PEARL, TRAFFIC"
MONTHLY BILLS,0,"CABLE, ELECTRIC, GAS, WATER"
AUDITORY/RELATED TO SOUND,1,"ACOUSTIC, AUDITORY, HEARD, SONIC"
CONNECT,2,"COUPLE, HITCH, LINK, TIE"
"EXCITE, WITH “UP”",3,"AMP, FIRE, HYPE, PUMP"
UNIT OF BREAD,0,"BAGUETTE, BUN, LOAF, ROLL"
"ASSURE, AS A WIN",1,"CLINCH, GUARANTEE, LOCK, SECURE"
SMALL IMPERFECTION,2,"CHIP, MARK, NICK, SCRATCH"
HEAD OF ___,3,"LETTUCE, HAIR, STATE, STEAM"
ENORMOUS,0,"BIG, GIANT, GREAT, HUGE"
BOOKSTORE SECTIONS,1,"FICTION, HUMOR, POETRY, TRAVEL"
TV SHOWS WITH HAPPY-SOUNDING NAMES,2,"CHEERS, EUPHORIA, FELICITY, GLEE"
___ CRANE,3,"CONSTRUCTION, FRASIER, PAPER, WHOOPING"
FOUND ON SHEET MUSIC,0,"CLEF, NOTE, REST, STAFF"
ZODIAC SYMBOLS,1,"BULL, CRAB, SCALES, TWINS"
RECORD LABELS,2,"CAPITOL, COLUMBIA, VIRGIN, ISLAND"
ZODIAC SIGN BEGINNINGS,3,"CAN, GEM, LIB, TAU"
STATE ABBREVIATIONS,0,"HI, LA, MA, OK"
CABLE CHANNELS,1,"BET, E, HALLMARK, USA"
NATO ALPHABET LETTERS,2,"ALPHA, BRAVO, ROMEO, TANGO"
___-___,3,"BOO, POM, TOM, YO"
DECLINE,0,"EBB, FADE, FLAG, WANE"
ABSOLUTE,1,"PURE, SHEER, TOTAL, UTTER"
EXPRESS,2,"AIR, SPEAK, STATE, VOICE"
SUPERHERO LAST NAMES,3,"BANNER, PRINCE, STARK, WAYNE"
ICE CREAM TREATS,0,"FLOAT, SHAKE, SPLIT, SUNDAE"
HARDWARE FASTENERS,1,"BOLT, NAIL, RIVET, SCREW"
KINDS OF COOKING OIL,2,"CORN, OLIVE, PALM, PEANUT"
STICKY ___,3,"FINGERS, NOTE, RICE, WICKET"
PARTS OF A RIVER,0,"BANK, BED, DELTA, MOUTH"
SOMETHING EASY TO DO,1,"BREEZE, CINCH, PICNIC, SNAP"
WRAP AROUND IN A CIRCLE,2,"COIL, SPIRAL, TWIST, WIND"
JUMP INTO THE AIR,3,"BOUND, LEAP, SPRING, VAULT"
LUXURIOUS FABRICS,0,"CHIFFON, SATIN, SILK, VELVET"
COME DOWN TO REST,1,"PERCH, ROOST, SETTLE, LAND"
SHOE PARTS,2,"EYELET, LACE, SOLE, TONGUE"
THINGS THAT ARE DELIVERED,3,"BABY, BLOW, PACKAGE, SPEECH"
MURKY CONDITION,0,"CLOUD, FOG, HAZE, MIST"
FOLLOW,1,"SHADOW, TAIL, TRACK, TRAIL"
PINBALL MACHINE COMPONENTS,2,"BALL, BUMPER, FLIPPER, PLUNGER"
___LAND COUNTRIES,3,"ICE, IRE, FIN, NETHER"
GOLF COURSE PARTS,0,"BUNKER, FAIRWAY, GREEN, ROUGH"
“I GIVE!”,1,"ENOUGH, MERCY, STOP, UNCLE"
INDECENT,2,"BAWDY, BLUE, COARSE, RISQUE"
”-OUGH” WORDS THAT DON’T RHYME,3,"BOUGH, COUGH, DOUGH, TOUGH"
PESTER,0,"BADGER, BUG, HOUND, NAG"
SPORTS VENUES,1,"ARENA, BOWL, DOME, FIELD"
SEPARATE,2,"DIVIDE, FORK, PART, SPLIT"
SILVER ___,3,"FOX, LINING, SCREEN, SPOON"
CURMUDGEON,0,"CRAB, CRANK, GROUCH, GRUMP"
GET LOW,1,"CROUCH, DUCK, SQUAT, STOOP"
NATIONAL SYMBOLS,2,"ANTHEM, FLAG, MOTTO, SEAL"
SWINDLER,3,"CHEAT, CROOK, QUACK, SHARK"
FARM TOOLS,0,"HOE, PLOW, RAKE, SICKLE"
SCHEME,1,"PLOT, PLOY, RUSE, TRICK"
MAKE HAPPY,2,"AMUSE, DELIGHT, PLEASE, TICKLE"
ONOMATOPOEIA,3,"BANG, PLOP, SPLASH, THUD"
RESERVE FOR LATER,0,"BANK, SAVE, STASH, STORE"
"BOLDNESS, FIGURATIVELY",1,"GALL, GUTS, NERVE, STONES"
USED TO BUILD A SNOWMAN,2,"CARROT, COAL, SNOW, STICKS"
FUNNY ___,3,"BONE, BUSINESS, GIRL, PAGES"
BRIEF MOMENT,0,"FLASH, JIFFY, SECOND, WINK"
PRIMARY,1,"CHIEF, FIRST, MAIN, PRINCIPAL"
AVENUES IN N.Y.C.,2,"BROADWAY, FIFTH, MADISON, PARK"
___ HOUR,3,"AMATEUR, ELEVENTH, HAPPY, RUSH"
ACCESSORIES,0,"BELT, BRACELET, TIE, WATCH"
COMEDIAN’S OUTPUT,1,"BIT, JOKE, ROUTINE, SKETCH"
ATTRACTION,2,"APPEAL, CHARM, DRAW, PULL"
TWO LETTERS + NUMBER,3,"CANINE, FREIGHT, OFTEN, STONE"
CONTACT VIA PHONE,0,"BUZZ, CALL, DIAL, RING"
BOOK SECTIONS,1,"APPENDIX, CHAPTER, INDEX, PREFACE"
WEE,2,"DINKY, LITTLE, MINUTE, SLIGHT"
CARTOON MICE,3,"ITCHY, JERRY, PINKY, SPEEDY"
SEEN IN A LAUNDRY ROOM,0,"DRYER, HAMPER, IRON, WASHER"
SHEPHERD,1,"DIRECT, GUIDE, LEAD, STEER"
WHAT “I” MIGHT MEAN,2,"IODINE, IOTA, MYSELF, ONE"
___ VALLEY,3,"DEATH, HIDDEN, SILICON, UNCANNY"
CLASSIC HALLOWEEN COSTUMES,0,"ANGEL, CLOWN, PIRATE, WITCH"
BEE CREATIONS,1,"COMB, HIVE, HONEY, WAX"
INTERVAL OF TIME,2,"PERIOD, SPELL, STRETCH, WHILE"
ANIMAL HOMOPHONES,3,"DEAR, HAIR, HOARSE, WAIL"
MEANS OF TRANSPORTATION,0,"BOAT, CAR, PLANE, TRAIN"
WILLING TO PARTICIPATE,1,"DOWN, GAME, IN, ON BOARD"
"LITTLE BIT, IN A RECIPE",2,"DASH, DROP, PINCH, SPLASH"
___BERRY [note no space],3,"BLUE, GOOSE, RASP, STRAW"
GENTLE,0,"LIGHT, MELLOW, MILD, SOFT"
CUTS OF PORK,1,"BELLY, CHOP, HOCK, SHOULDER"
STATUE OF LIBERTY FEATURES,2,"CROWN, ROBE, TABLET, TORCH"
THINGS TO BLOW ON FOR WISHES/LUCK,3,"CANDLE, DANDELION, DICE, EYELASH"
DARLING,0,"BABY, BOO, DEAR, LOVE"
BASIC GEOMETRIC OBJECTS,1,"LINE, POINT, RAY, SEGMENT"
OOMPH,2,"ENERGY, FIRE, JUICE, ZIP"
SECRET ___,3,"AGENT, CODE, SANTA, SAUCE"
ROAD NAMES,0,"ALLEY, DRIVE, LANE, STREET"
PAPER IN A BOOK,1,"FOLIO, LEAF, PAGE, SHEET"
RESTRAIN,2,"CHECK, CURB, LIMIT, STEM"
THINGS YOU CAN DO TO YOUR NOSE,3,"BLOW, HOLD, PICK, THUMB"
NAME PREFIXES,0,"GEN, MS, PROF, REV"
ART MEDIUMS,1,"CHARCOAL, INK, PAINT, PASTEL"
INDICATION OF THINGS TO COME,2,"MESSAGE, OMEN, SIGN, WARNING"
___ PEPPER,3,"BELL, BLACK, DR, GHOST"
PARTS OF A CAR,0,"BUMPER, HOOD, TIRE, TRUNK"
MOVE QUICKLY,1,"BOLT, DART, DASH, ZIP"
BIRDS,2,"CARDINAL, JAY, LARK, SWIFT"
JAZZ LEGENDS,3,"HANCOCK, HOLIDAY, MONK, PARKER"
SHIRTS,0,"CROP, POLO, TANK, TEE"
"COOL, IN ’80S SLANG",1,"BAD, FLY, FRESH, RAD"
LETTER SPELLINGS,2,"BEE, EX, GEE, JAY"
___ GEORGE,3,"BOY, BY, CURIOUS, SAINT"
BLACK-AND-WHITE ANIMALS,0,"ORCA, PANDA, SKUNK, ZEBRA"
SEQUENCE,1,"CHAIN, SERIES, STRING, TRAIN"
HETERONYMS,2,"BASS, DOVE, DESERT, WIND"
___ TRAP,3,"BEAR, SAND, SPEED, TOURIST"
ORGANIZATION,0,"CLUB, GROUP, PARTY, TEAM"
"SHARPNESS, AS OF AN IMAGE",1,"CLARITY, DEFINITION, DETAIL, RESOLUTION"
PLACES IN FRANCE,2,"CHAMPAGNE, DIJON, NICE, TOURS"
HAPPY NEW YEAR!,3,"BALL, COUNTDOWN, FIREWORKS, KISS"
GARDENING NOUNS/VERBS,0,"PLANT, SEED, WATER, WEED"
KINDS OF SALADS,1,"CAESAR, GREEK, GREEN, WEDGE"
"CLASSIC GAME SHOWS, FAMILIARLY",2,"MILLIONAIRE, PRICE, PYRAMID, WHEEL"
W + VOWEL PROGRESSION,3,"WAY, WEE, WHY, WHOA"
B.L.T. INGREDIENTS,0,"BREAD, BACON, LETTUCE, TOMATO"
OBSTRUCT,1,"BLOCK, CLOG, JAM, STOP"
BASEBALL STATS,2,"DOUBLE, HIT, RUN, WALK"
SMALL ___,3,"FRY, TALK, WONDER, WORLD"
MOVE THROUGH THE AIR,0,"FLOAT, FLY, GLIDE, SOAR"
HIDDEN LISTENING DEVICES,1,"BUG, MIKE, TAP, WIRE"
"SELECT, AS A BOX ON A FORM",2,"CHECK, MARK, TICK, X"
RAPPERS MINUS FIRST LETTER,3,"40, COLE, PAIN, TIP"
GIFT-GIVING ACCESSORIES,0,"BOW, BOX, CARD, WRAPPING"
DATING APP ACTIONS,1,"BLOCK, MATCH, MESSAGE, SWIPE"
"COOL, IN SLANG",2,"FIRE, LIT, SICK, TIGHT"
LUCKY ___,3,"BREAK, CHARM, DUCK, STRIKE"
PLAYFULLY BOTHER,0,"JOSH, KID, RIB, TEASE"
APEX,1,"HEIGHT, MAX, PEAK, TOP"
WORDS FOR SPECIFIC QUANTITIES,2,"DOZEN, GROSS, PAIR, SCORE"
WHAT “X” MIGHT MEAN,3,"ADULT, KISS, TEN, TIMES"
STRONG SMELL,0,"FUNK, MUSK, ODOR, TANG"
MOVE BACK AND FORTH,1,"ROCK, SWAY, SWING, WAVE"
THINGS TO PICK,2,"AFRO, BONE, FIGHT, LOCK"
___ BALL,3,"CRYSTAL, DISCO, FOUL, GUTTER"
TECH COMPANIES,0,"ALPHABET, AMAZON, APPLE, META"
KINDS OF EXAMS,1,"BAR, FINAL, ORAL, PHYSICAL"
SOMETHING EXEMPLARY,2,"BEAUTY, GEM, MARVEL, PEACH"
___ TOOTH,3,"BABY, EYE, SWEET, WISDOM"
THINGS THAT ARE ORANGE,0,"BASKETBALL, CARROT, GOLDFISH, PUMPKIN"
"LONG, SKINNY OBJECTS",1,"POLE, ROD, STAFF, STICK"
SEEN ON A GOLF COURSE,2,"CART, CLUB, HOLE, TEE"
SHAPES OF CAPITAL GREEK LETTERS,3,"CIRCLE, HORSESHOE, PITCHFORK, TRIANGLE"
CLEANING SUPPLIES,0,"BROOM, MOP, RAG, SPONGE"
"ELEMENTS OF COOKING,  PER SAMIN NOSRAT",1,"SALT, FAT, ACID, HEAT"
THINGS THAT MAKE YOU SNEEZE,2,"DUST, PEPPER, POLLEN, SMOKE"
TITULAR FICTIONAL DETECTIVES,3,"MAGNUM, MONK, SHAFT, TRACY"
BIT OF MAGIC,0,"CHARM, CURSE, HEX, SPELL"
FOUND AROUND A FIREPLACE,1,"FLUE, GRATE, LOG, POKER"
THINGS SEEN AT A CASINO,2,"CARDS, CHIPS, DICE, SLOTS"
WAYS TO PREPARE CHEESE,3,"CRUMBLE, MELT, SHRED, SLICE"
STATES OF MATTER,0,"GAS, LIQUID, PLASMA, SOLID"
ALL-TIMER,1,"GREAT, HERO, ICON, LEGEND"
“PH” WORDS THAT ALSO WORK WITH “F”,2,"PHAT, PHEW, PHILLY, PHISH"
___ PITCH,3,"ELEVATOR, FEVER, PERFECT, SALES"
TOPIC OF DISCUSSION,0,"ISSUE, MATTER, POINT, SUBJECT"
SECTION OF ONE’S LIFE,1,"CHAPTER, PERIOD, PHASE, STAGE"
"PARTS OF A CAR, INFORMALLY",2,"DASH, SHOCK, TANK, WHEEL"
COLOR HOMOPHONES,3,"BLEW, CHORAL, READ, ROWS"
CREDENTIALS FOR ENTRY,0,"BADGE, INVITE, PASS, TICKET"
PRESIDE OVER,1,"CHAIR, DIRECT, LEAD, RUN"
AMERICAN FOOTBALL POSITIONS,2,"CENTER, END, SAFETY, TACKLE"
POSTPONE,3,"HOLD, PUNT, STALL, TABLE"
THINGS TO PAY,0,"BILL, CHECK, INVOICE, TAB"
THIEVE,1,"PINCH, ROB, STEAL, SWIPE"
MALE ANIMALS,2,"BUCK, BULL, JACK, TOM"
"LEGWEAR, IN THE SINGULAR",3,"JEAN, PANT, SHORT, TIGHT"
LIST OF CANDIDATES,0,"BALLOT, ROSTER, SLATE, TICKET"
PROTECTIVE BARRIER,1,"BUFFER, CUSHION, PAD, SHIELD"
MEDICINE FORMATS,2,"CAPSULE, CREAM, SYRUP, TABLET"
PEA ___,3,"COAT, GREEN, POD, SOUP"
DECEIVE,0,"CON, DUPE, FOOL, TRICK"
INSIDE INFO,1,"DOPE, SCOOP, SKINNY, WORD"
TILT TO ONE SIDE,2,"CANT, LEAN, LIST, SLOPE"
WORDS SPELLED WITH AN UPSIDE-DOWN CALCULATOR,3,"BOOB, EGGSHELL, GIGGLE, HELLO"
DATA SET DATA,0,"MEAN, MEDIAN, MODE, RANGE"
CHEMISTRY TERMS,1,"BASE, BOND, ELEMENT, SOLUTION"
ADJECTIVE INTENSIFIERS,2,"AWFUL, PRETTY, RATHER, REAL"
RADIO HALL OF FAME MEMBERS,3,"GLASS, GROSS, KING, STERN"
SHOW OFF,0,"GRANDSTAND, PEACOCK, POSTURE, STRUT"
FOREMOST,1,"MAIN, PARAMOUNT, PRIME, SUPREME"
COLORS IN BRAZIL’S FLAG,2,"BLUE, GREEN, WHITE, YELLOW"
___ LETTER,3,"CHAIN, COVER, LOVE, SCARLET"
SUNDAE TOPPINGS,0,"CHERRY, FUDGE, NUTS, SPRINKLES"
LEAVE HIGH AND DRY,1,"DESERT, DITCH, MAROON, STRAND"
“PHOOEY!”,2,"CURSES, DARN, RATS, SHOOT"
WORDS IN TONGUE TWISTERS,3,"FUZZY, PEPPERS, SEASHELLS, WOODCHUCK"
DECLINE,0,"DIP, DROP, FALL, SINK"
MOVE WITH SPEED,1,"BLAZE, FLY, RACE, TEAR"
KINDS OF DANCE,2,"MODERN, SALSA, SWING, TAP"
BABY ___,3,"BOOM, CARROT, SHOWER, TALK"
RIP OFF,0,"FLEECE, HOSE, ROB, STIFF"
THINGS MADE OF WAX,1,"CANDLE, CRAYON, HONEYCOMB, SEAL"
PARTS OF AN AIRPLANE,2,"CABIN, ENGINE, NOSE, WING"
UNITS OF VEGETABLES,3,"BULB, EAR, HEAD, STALK"
SYMBOLIC RODS,0,"BATON, SCEPTER, STAFF, WAND"
DENTAL TERMS,1,"CAVITY, CROWN, FILLING, PLAQUE"
RUBBER STAMP WORDS,2,"APPROVED, PAID, URGENT, VOID"
___ YEAR,3,"GAP, LEAP, LIGHT, SCHOOL"
BRING INTO BEING,0,"COIN, CREATE, DEVISE, INVENT"
EXCELLENT,1,"FINE, PRIME, QUALITY, STERLING"
SYMBOLS ABOVE NUMBERS ON A KEYBOARD,2,"AT, DOLLAR, PERCENT, POUND"
PASS THE ___,3,"BAR, BUCK, TIME, TORCH"
SMARTPHONE FEATURES BEGINNING WITH “C”,0,"CALCULATOR, CALENDAR, CAMERA, CLOCK"
PARTS OF THE EYE,1,"CONE, IRIS, LENS, PUPIL"
FAMILIAL NICKNAMES,2,"DADA, GRAMMY, MUM, POPPY"
WORDS PRONOUNCED DIFFERENTLY WITH ACCENT MARKS,3,"EXPOSE, PATE, RESUME, ROSE"
OF-THE-MOMENT,0,"BIG, HOT, IN, POPULAR"
PICTOGRAPH,1,"CHARACTER, GLYPH, ICON, SYMBOL"
"IMPOSE, AS A PENALTY",2,"ASSESS, CHARGE, FINE, LEVY"
WORDS BEGINNING WITH BODY PARTS,3,"HANDSOME, HIPPO, LEGEND, LIPID"
BASEBALL EQUIPMENT,0,"BALL, BASE, BAT, GLOVE"
HARD HIT,1,"BLOW, LICK, SOCK, STRIKE"
ORIGINAL MONOPOLY TOKENS,2,"BOOT, IRON, THIMBLE, TOP HAT"
___ BUNNY,3,"BAD, BUGS, DUST, HONEY"
HURT,0,"ACHE, BURN, SMART, STING"
LOOK AFTER,1,"GUARD, MIND, TEND, WATCH"
SOUGHT AFTER IN “THE WIZARD OF OZ”,2,"BRAIN, COURAGE, HEART, HOME"
SILENT “W”,3,"ANSWER, TWO, WRIST, WRONG"
HIGHEST POINT,0,"CREST, PEAK, SUMMIT, VERTEX"
“CAN I GET YOUR ___?” (PHONE INFO REQUEST),1,"CELL, CONTACT, DIGITS, NUMBER"
MODIFIERS MEANING “SMALL”,2,"BABY, MINI, POCKET, TOY"
INSIDE A SCRABBLE BOX,3,"BAG, BOARD, RACKS, TILES"
PROMOTE,0,"PITCH, PLUG, PUSH, SELL"
ROMANTIC TWOSOME,1,"COUPLE, ITEM, PAIR, THING"
TENNIS SCORES,2,"AD, ALL, DEUCE, LOVE"
WORDS WITH “FRUIT”,3,"BREAD, DRAGON, JACK, PASSION"
HIT HARD,0,"BANG, HAMMER, POUND, SLAM"
NEWSPAPER NAMES,1,"CHRONICLE, HERALD, REGISTER, SUN"
CRESCENT-SHAPED THINGS,2,"BANANA, CROISSANT, MOON, SICKLE"
POWER-UPS IN SUPER MARIO WORLD,3,"FEATHER, FLOWER, MUSHROOM, STAR"
MERRIMENT,0,"CHEER, GLEE, FESTIVITY, MIRTH"
BOOKED FOR A WEDDING,1,"BAND, CATERER, FLORIST, OFFICIANT"
RHYMES,2,"CHOIR, FIRE, LIAR, FRYER"
___ PIT,3,"BARBECUE, ORCHESTRA, SNAKE, TAR"
MAKE SHORTER,0,"CLIP, CUT, PARE, TRIM"
MUSCULAR,1,"BUILT, JACKED, RIPPED, SWOLE"
ENTHUSIAST,2,"BUFF, FAN, LOVER, NUT"
WRINKLY THINGS,3,"BRAIN, PRUNE, PUG, WALNUT"
TIME OFF,0,"BREAK, HOLIDAY, LEAVE, RECESS"
FEATURES OF A BELT,1,"BUCKLE, HOLE, LOOP, STRAP"
HOMOPHONES,2,"HOLEY, HOLI, HOLY, WHOLLY"
___WOOD,3,"DOG, DRIFT, HOLLY, SANDAL"
COMMERCIAL ORGANIZATION,0,"AGENCY, COMPANY, ENTERPRISE, FIRM"
FARM FIXTURES,1,"COOP, PEN, STABLE, STY"
CLASSIC DOG NAMES,2,"FLUFFY, REX, ROVER, SPOT"
COLORS MINUS THEIR FIRST LETTERS,3,"INK, LACK, OLD, RANGE"
DRINKS WITH CAFFEINE,0,"COCOA, COFFEE, MATE, TEA"
UNEXCITING,1,"BORING, DULL, MUNDANE, VANILLA"
COMEDIAN’S PERFORMANCE,2,"ACT, BIT, ROUTINE, SET"
MARTINI SPECIFICATIONS,3,"DIRTY, DRY, TWIST, UP"
"""GIVE ME A BREAK!""",0,"BROTHER, LORD, PLEASE, SHEESH"
ECCLESIASTICAL TITLES,1,"BISHOP, CARDINAL, PASTOR, PRIOR"
ROCK & ROLL HALL OF FAME INDUCTEES,2,"HEART, MADONNA, PRINCE, QUEEN"
CITY HOMOPHONES,3,"DELI, NIECE, ROAM, SOUL"
"OSTENTATIOUS, AS AN OUTFIT",0,"BRIGHT, FLASHY, GARISH, LOUD"
EUPHEMISMS FOR FLATULENCE,1,"GAS, STINKER, TOOT, WIND"
KINDS OF BLOND,2,"DIRTY, HONEY, PLATINUM, STRAWBERRY"
WHAT “O” MIGHT MEAN,3,"HUG, OF, OXYGEN, ZERO"
SEA CREATURES,0,"CRAB, RAY, SPONGE, SQUID"
BASIC TWO-DIMENSIONAL SHAPES,1,"CIRCLE, DIAMOND, SQUARE, TRIANGLE"
BOXING MANEUVERS,2,"BOB, CROSS, HOOK, WEAVE"
FANCY ___,3,"FEAST, FREE, PANTS, THAT"
ARCHERY EQUIPMENT,0,"ARROW, BOW, QUIVER, TARGET"
CARD GAMES,1,"BRIDGE, GIN, SPIT, WAR"
WALLOP,2,"BELT, CLOCK, DECK, SLUG"
CLASSIC TATTOOS,3,"ANCHOR, DRAGON, HEART, ROSE"
MUSIC PLAYER BUTTONS,0,"REWIND, SHUFFLE, SKIP, STOP"
BROADCAST,1,"AIR, RUN, SCREEN, SHOW"
THINGS YOU CAN DRAW,2,"BATH, CARD, CURTAIN, PICTURE"
NUMBER ANAGRAMS,3,"EON, ETHER, NET, TOW"
STOOL PIGEON,0,"CANARY, FINK, RAT, SNITCH"
CRAM INTO A TIGHT SPACE,1,"JAM, PACK, SQUEEZE, STUFF"
YOGA POSES,2,"CAT, COW, MOUNTAIN, TRIANGLE"
___FLY,3,"BUTTER, DRAGON, FIRE, HORSE"
MONOTONOUS SOUNDS,0,"BUZZ, DRONE, HUM, PURR"
BOATS,1,"BARGE, DORY, SCOW, SLOOP"
CAPTAINS,2,"AMERICA, HOOK, MORGAN, NEMO"
PREFIXES WITH -CRACY,3,"AUTO, BUREAU, DEMO, PLUTO"
BAD THINGS FOR A VIDEO CALL TO DO,0,"DROP, ECHO, FREEZE, LAG"
COSTUMES WITH STRIPED SHIRTS,1,"MIME, PRISONER, REFEREE, SAILOR"
SEEN IN “ALADDIN”,2,"GENIE, MONKEY, PARROT, PRINCESS"
MOVIES MINUS NUMBERS,3,"APOLLO, CANDLES, FANTASTIC, SAMURAI"
"ENCOURAGE, WITH ""ON""",0,"EGG, GOAD, SPUR, URGE"
SPHERICAL FOODS,1,"JAWBREAKER, MEATBALL, MOZZARELLA, ORANGE"
GROCERY STORE AISLES,2,"DAIRY, FROZEN, PRODUCE, SNACK"
GO ___,3,"BANANAS, FIGURE, FISH, STEADY"
TOUCH LIGHTLY,0,"BRUSH, GRAZE, KISS, SKIM"
KINDS OF NUMBERS,1,"ODD, PERFECT, PRIME, WHOLE"
SAUCES IN CHINESE CUISINE,2,"OYSTER, PLUM, SOY, XO"
BEAR ___,3,"CLAW, FRUIT, HUG, WITNESS"
FOLLOW ATTENTIVELY,0,"MONITOR, SURVEY, TRACK, WATCH"
WHERE YOU MIGHT FIND SAND,1,"BEACH, DESERT, HOURGLASS, PLAYGROUND"
OVEN BUTTONS,2,"BAKE, BROIL, LIGHT, TIMER"
BRITPOP BANDS,3,"BLUR, OASIS, PULP, SUEDE"
COMFY SHOES,0,"CROC, LOAFER, MOCCASIN, SLIPPER"
THINGS MADE WITH FEATHERS,1,"BOA, HEADDRESS, PILLOW, SHUTTLECOCK"
PROGRAMMING LANGUAGES,2,"BASIC, JAVA, PYTHON, RUBY"
THINGS THAT CAN STRIKE,3,"COBRA, INSPIRATION, LIGHTNING, UNION"
BIT OF HAIR,0,"CURL, LOCK, RINGLET, TRESS"
MEDIA ATTENTION,1,"COVERAGE, EXPOSURE, PRESS, PUBLICITY"
NOUN SUFFIXES,2,"DOM, ION, NESS, SHIP"
___ CIRCUS,3,"FAMILY, FLEA, FLYING, MEDIA"
EAT A LITTLE,0,"GRAZE, NIBBLE, PECK, SNACK"
PURSUE,1,"HUNT, TRACK, TRAIL, STALK"
INGREDIENTS IN MINESTRONE,2,"BEANS, PASTA, STOCK, VEGETABLES"
___CAST,3,"BROAD, FORE, POD, TYPE"
USED IN BUILDING A FIRE,0,"KINDLING, LOG, MATCH, TINDER"
MESS UP,1,"BLOW, BUMBLE, FLUFF, SPOIL"
WORKSHOP TOOLS,2,"DRILL, GRINDER, ROUTER, SAW"
PARTS OF A DOOR,3,"FRAME, HANDLE, HINGE, LOCK"
PARTY POOPER,0,"BORE, DRAG, DRIP, DUD"
MUSICAL SECTIONS,1,"BRASS, RHYTHM, STRING, WIND"
BIT OF LIQUID,2,"BEAD, DROP, GLOB, TEAR"
VEGETABLE HOMOPHONES,3,"BEAT, CHARRED, LEAK, PEE"
PESTERS,0,"BADGERS, BUGS, HOUNDS, NAGS"
TONY WINNERS FOR BEST MUSICAL,1,"ANNIE, CABARET, CATS, COMPANY"
THEY HAVE KEYS,2,"COMPUTER, PIANO, SUPER, TESTS"
SCHOOL OF ___,3,"FISH, HARD KNOCKS, ROCK, THOUGHT"
DOG SOUNDS,0,"BARK, GROWL, HOWL, WHINE"
DEPARTMENT,1,"ARM, BRANCH, CHAPTER, WING"
ORIGIN,2,"CRADLE, FONT, ROOT, SOURCE"
COLORS WITH THEIR FIRST LETTERS CHANGED,3,"CLUE, FROWN, MELLOW, PREEN"
PROCESSION,0,"CARAVAN, FLEET, PARADE, TRAIN"
SHADES OF GREEN,1,"OLIVE, FOREST, LIME, MINT"
WHAT “BLUE” MIGHT MEAN,2,"DEMOCRATIC, EROTIC, NOBLE, SAD"
THINGS WITH SPINES,3,"BOOK, CACTUS, HEDGEHOG, SKELETON"
MANUFACTURING LOCATIONS,0,"FACTORY, MILL, PLANT, SHOP"
WIN + LETTER,1,"WIND, WINE, WING, WINK"
PARTS OF FRUIT YOU MIGHT NOT EAT,2,"CORE, RIND, SEED, STEM"
WEIGHTS IN BOXING,3,"FEATHER, HEAVY, LIGHT, MIDDLE"
WALK HEAVILY,0,"LUMBER, PLOD, STOMP, TRUDGE"
FLEXIBLE,1,"ELASTIC, LIMBER, PLASTIC, SUPPLE"
FENCING EQUIPMENT,2,"FOIL, GLOVE, JACKET, MASK"
WORDS BEGINNING WITH INSTRUMENTS,3,"BASSINET, CELLOPHANE, HARPOON, ORGANISM"
BASIC TASTES,0,"BITTER, SALTY, SOUR, SWEET"
"STAND UP TO, AS A CHALLENGE",1,"BRAVE, CONFRONT, FACE, MEET"
ILK,2,"KIND, SORT, TYPE, VARIETY"
"ART MOVEMENTS, WITH -ISM",3,"EXPRESSION, MANNER, ROMANTIC, SURREAL"
'80S FASHION TRENDS,0,"HEADBAND, MULLET, NEON, SPANDEX"
GYMNASTICS POSITIONS,1,"PIKE, SPLIT, STRADDLE, TUCK"
KINDS OF CRACKERS,2,"ANIMAL, GOLDFISH, OYSTER, RITZ"
___ LADDER,3,"CORPORATE, ROPE, SALMON, WORD"
"CHEESES, FAMILIARLY",0,"AMERICAN, BLUE, JACK, SWISS"
TRACK AND FIELD EQUIPMENT,1,"HAMMER, HURDLE, JAVELIN, POLE"
KINDS OF HEELS,2,"CUBAN, KITTEN, STILETTO, WEDGE"
DOUBLE ___,3,"DATE, DUTCH, JEOPARDY, SPACE"
PROPEL INTO THE AIR,0,"HOP, JUMP, LEAP, SPRING"
PLACE TO STORE VALUABLES,1,"CHEST, COFFER, SAFE, VAULT"
PERIOD,2,"AGE, DAY, ERA, TIME"
BACKWARDS ANIMALS,3,"DRIB, FLOW, REED, TANG"
GARLIC BREAD INGREDIENTS,0,"BREAD, BUTTER, GARLIC, PARSLEY"
WAGER,1,"BET, GAMBLE, RISK, STAKE"
DISNEYLAND LANDS,2,"ADVENTURE, FANTASY, FRONTIER, TOMORROW"
___ BAT,3,"BASEBALL, CRICKET, FRUIT, VAMPIRE"
INTELLIGENCE OPERATIVE,0,"AGENT, ASSET, MOLE, SLEEPER"
UNITS IN POETRY,1,"FOOT, LINE, METER, VERSE"
EXPRESS INDIRECTLY,2,"COUCH, IMPLY, INTIMATE, SUGGEST"
WHAT “K” MIGHT MEAN,3,"KELVIN, OKAY, POTASSIUM, THOUSAND"
LARGE AMOUNT,0,"MASS, SEA, SLEW, TON"
FALL IN UNDER PRESSURE,1,"BUCKLE, CAVE, COLLAPSE, GIVE"
WAYS TO GET ATTENTION,2,"SHOUT, SNAP, WAVE, WHISTLE"
BELLY ___,3,"BUTTON, DANCE, FLOP, LAUGH"
ROOMS IN THE GAME CLUE,0,"HALL, LIBRARY, LOUNGE, STUDY"
COLLEAGUE,1,"ASSOCIATE, FELLOW, PARTNER, PEER"
SEEN DURING EASTER,2,"BUNNY, EGG, JELLY BEAN, PEEP"
WHAT A MOLE CAN BE,3,"ANIMAL, BIRTHMARK, SPY, UNIT"
POP MEGASTARS,0,"GRANDE, MARS, STYLES, SWIFT"
METHOD,1,"CHANNEL, MEANS, MEDIUM, VEHICLE"
"UNLIKELY, AS CHANCES",2,"OUTSIDE, REMOTE, SLIM, SMALL"
LIVING ___,3,"LARGE, LEGEND, PROOF, ROOM"
PARTS OF AN AIRPORT,0,"HANGAR, RUNWAY, TARMAC, TERMINAL"
LEGAL TERMS,1,"ACTION, CLAIM, COMPLAINT, LAWSUIT"
THINGS A JUGGLER JUGGLES,2,"BEANBAG, CLUB, RING, TORCH"
WORDS ENDING IN CLOTHING,3,"FOXGLOVE, GUMSHOE, TURNCOAT, WINDSOCK"
SHARED,0,"COLLECTIVE, COMMON, JOINT, MUTUAL"
RID OF CONTENTS,1,"CLEAR, DRAIN, EMPTY, FLUSH"
ASSOCIATED WITH “STUB”,2,"CIGARETTE, PENCIL, TICKET, TOE"
___ DREAM,3,"AMERICAN, FEVER, LUCID, PIPE"
THINGS TO SEW,0,"DART, HEM, PLEAT, SEAM"
WAYS TO PRESERVE FOOD,1,"CAN, CURE, DRY, FREEZE"
SHARP QUALITY,2,"BITE, EDGE, PUNCH, SPICE"
BIRDS MINUS LAST LETTER,3,"CONDO, HAW, HERO, LOO"
EAT VORACIOUSLY,0,"DOWN, INHALE, SCARF, WOLF"
AREAS OF ACADEMIC FOCUS,1,"CONCENTRATION, DEGREE, MAJOR, MINOR"
UNIVERSAL,2,"BLANKET, BROAD, GENERAL, SWEEPING"
SPACE ___,3,"BAR, CADET, HEATER, STATION"
THINGS A DOG CAN FETCH,0,"BALL, BONE, FRISBEE, STICK"
CONCEAL,1,"BLOCK, COVER, HIDE, OBSCURE"
MAC KEYBOARD KEYS,2,"COMMAND, CONTROL, OPTION, SHIFT"
EXPERIENCE A MEMORY LAPSE,3,"BLANK, FLAKE, FORGET, SPACE"
TREAT WITH EXCESSIVE CARE,0,"BABY, MOTHER, PAMPER, SPOIL"
BACKSIDE,1,"BOOTY, BUM, CAN, REAR"
THINGS IN A SPA LOCKER ROOM,2,"ROBE, SLIPPERS, TOWEL, WASHCLOTH"
CAT’S ___,3,"CRADLE, EYE, MEOW, PAJAMAS"
SECTION,0,"CLASS, DIVISION, RANK, TIER"
INCLUDING,1,"AND, ALSO, PLUS, WITH"
"DOG BREEDS, INFORMALLY",2,"BOSTON, GOLDEN, LAB, PIT"
FAMOUS POEMS,3,"DADDY, HARLEM, HOWL, IF"
HALLOWEEN PURCHASES,0,"CANDY, COSTUME, DECORATIONS, PUMPKIN"
PLANTS WITH SIMILAR FLAVORS,1,"ANISE, FENNEL, LICORICE, TARRAGON"
FOOD SLANG FOR HEAD,2,"BEAN, MELON, NOODLE, NUT"
GEMSTONE CUTS,3,"BAGUETTE, EMERALD, PRINCESS, RADIANT"
BOX OFFICE VICTORY,0,"HIT, SMASH, SUCCESS, WINNER"
VOLLEYBALL MOVES,1,"BUMP, SERVE, SET, SPIKE"
HOMOPHONES OF GREEK LETTERS,2,"MOO, NEW, PIE, ROW"
___-O,3,"DADDY, DAY, JACKIE, JELL"
CRITICIZE,0,"BLAST, KNOCK, SLAM, TRASH"
“MY MISTAKE!”,1,"APOLOGIES, OOPS, PARDON, SORRY"
ALIBI,2,"DEFENSE, EXCUSE, OUT, REASON"
PLAY ___,3,"DATE, DEAD, DIRTY, DOH"
GET SMALLER,0,"CONTRACT, LESSEN, REDUCE, SHRINK"
AIRLINE CLASSES,1,"BUSINESS, COACH, FIRST, PREMIUM"
"EXAMINE, AS AN APPLICANT",2,"CHECK, REVIEW, SCREEN, VET"
NOTABLE TV EPISODES,3,"FINALE, PILOT, PREMIERE, SPECIAL"
FOOLISHNESS,0,"ABSURDITY, FOLLY, MADNESS, NONSENSE"
MOVE FORWARD,1,"ADVANCE, MARCH, PROGRESS, PUSH"
THINGS THAT MIGHT STINK,2,"CHEESE, FEET, GARBAGE, SKUNK"
WORDS AFTER “DEEP”,3,"CUT, FAKE, FREEZE, SIX"
SEGMENT OF A PROCESS,0,"CYCLE, PHASE, ROUND, STAGE"
CONSTELLATIONS,1,"CYGNUS, GEMINI, ORION, PEGASUS"
SPIRALS IN NATURE,2,"CYCLONE, GALAXY, SNAIL, SUNFLOWER"
ASSOCIATED WITH “ONE”,3,"CYCLOPS, MONOLOGUE, SOLITAIRE, UNICYCLE"
MOVIE SUMMARY INFO,0,"CAST, GENRE, PLOT, TITLE"
PRETENSE,1,"AFFECT, AIRS, CHARADE, FRONT"
FAMOUS GUITARISTS,2,"BERRY, KING, PAGE, WATERS"
SECOND ___,3,"FIDDLE, GUESS, NATURE, WIND"
SEEN AT A SPORTS STADIUM,0,"ASTROTURF, JUMBOTRON, SCOREBOARD, SKYBOX"
CAMERA BRANDS,1,"FUJIFILM, HASSELBLAD, OLYMPUS, POLAROID"
ITALIAN DEMONYMS,2,"BOLOGNESE, NEAPOLITAN, PARMESAN, VENETIAN"
STARTING WITH ROCK BANDS,3,"CREAMSICLE, JOURNEYMAN, KISSCAM, RUSHMORE"
"CHAT, INFORMALLY",0,"GAB, JAW, YAK, YAP"
FEMALE ANIMALS,1,"COW, DOE, EWE, HEN"
PALINDROMES,2,"BIB, EYE, GAG, POP"
STARTS OF PLANET NAMES,3,"EAR, MAR, MER, SAT"
JUMPING ANIMALS,0,"CRICKET, FROG, HARE, KANGAROO"
APPLY PRESSURE TO,1,"CRUSH, MASH, PRESS, SQUASH"
OLYMPIC SPORTS,2,"BREAKING, HOCKEY, SKELETON, TRAMPOLINE"
THINGS YOU CAN SET,3,"MOOD, RECORD, TABLE, VOLLEYBALL"
KUDOS,0,"CREDIT, GLORY, PRAISE, PROPS"
BECOME AWARE OF,1,"DISCOVER, FIND, LEARN, REALIZE"
PURSUE,2,"CHASE, TAIL, TRACK, SHADOW"
SEEN IN A PASSPORT,3,"NAME, PHOTO, STAMP, VISA"
YELLOW-BROWN SHADES,0,"BEIGE, CAMEL, KHAKI, TAN"
FAIL TO ATTEND,1,"CUT, DITCH, MISS, SKIP"
DECISIVE VICTORY,2,"BLOWOUT, ROMP, ROUT, SWEEP"
___ WHEEL,3,"CHEESE, COLOR, HAMSTER, PRAYER"
HOW FAST SOMETHING IS GOING,0,"CLIP, PACE, RATE, SPEED"
"""STEP ON IT!""",1,"FASTER, GO, HURRY, MOVE"
N.B.A. TEAM PLAYER,2,"CLIPPER, PACER, ROCKET, SPUR"
TELE___,3,"COMMUTE, MEDICINE, PROMPTER, VISION"
MUSICAL INSTRUMENTS,0,"BASS, BASSOON, HARP, RECORDER"
PLANT GROWTHS,1,"BLOOM, BUD, SHOOT, SPROUT"
BRING UP,2,"FOSTER, NURSE, RAISE, REAR"
SOLAR EMANATIONS,3,"CORONA, FLARE, LIGHT, RADIATION"
UPDATE FOR ACCURACY,0,"AMEND, CORRECT, FIX, REVISE"
QUARREL,1,"FIGHT, ROW, SCRAP, TIFF"
GAMES OF CHANCE,2,"BINGO, LOTTERY, ROULETTE, WAR"
___ CHIP,3,"BLUE, COMPUTER, POKER, POTATO"
EXITED,0,"DEPARTED, LEFT, SPLIT, WENT"
ONE FLYING AN AIRPLANE,1,"ACE, AVIATOR, FLIER, PILOT"
KINDS OF WHALES,2,"BLUE, FIN, GRAY, RIGHT"
THINGS WITH SLOTS,3,"ATM, CASINO, SCHEDULE, SPATULA"
ESPECIALLY,0,"MIGHTY, PRETTY, REALLY, VERY"
DISNEY CHARACTERS,1,"DAISY, GOOFY, HAPPY, LADY"
KINDS OF BLUE,2,"BABY, NAVY, SKY, TIFFANY"
"BODY PARTS PLUS ""Y""",3,"ARMY, COLONY, LIVERY, SHINY"
BREATHES HEAVILY,0,"GASPS, HUFFS, PANTS, PUFFS"
"PRESERVES, AS MEAT",1,"CANS, CURES, SALTS, SMOKES"
PREDICAMENTS,2,"BINDS, JAMS, PICKLES, SPOTS"
THINGS IN “MY FAVORITE THINGS”,3,"KETTLES, MITTENS, RAINDROPS, WHISKERS"
TAKE A TUMBLE,0,"FALL, SLIP, SPILL, TRIP"
KINDS OF WATER,1,"MINERAL, SPRING, STILL, TAP"
THINGS THAT ARE CINCHED IN THE MIDDLE,2,"CORSET, DIABOLO, HOURGLASS, WASP"
___ BEAR,3,"BOO-BOO, BROWN, HONEY, TEDDY"
FOOD SLANG FOR MONEY,0,"🥓, 🍞, 🥬, 🧀"
WORDS THAT RHYME,1,"🧠, ✈️, 🌧️, 🚂"
HORROR MOVIES,2,"👽, 🧛, 🪚, 😱"
LETTER HOMOPHONES,3,"🐝, 🐑, 👁️, 🫖"
THRUST,0,"JAB, POKE, PROD, STICK"
KINDS OF SNAKES,1,"ADDER, BOA, MAMBA, MOCCASIN"
SEEN IN “CINDERELLA”,2,"BALL, PRINCE, PUMPKIN, SLIPPER"
PASTA SHAPES,3,"BOWTIE, ELBOW, TUBE, WHEEL"
MODEL FOR REFERENCE,0,"BENCHMARK, GAUGE, STANDARD, YARDSTICK"
POKER ACTIONS,1,"BET, CALL, CHECK, FOLD"
SKIN TYPES,2,"COMBINATION, DRY, NORMAL, OILY"
STARTS OF U.S. STATES,3,"KENT, MARY, MASS, WASH"
WAYS TO PREPARE EGGS,0,"BOIL, FRY, POACH, SCRAMBLE"
EXHILARATION,1,"BUZZ, KICK, RUSH, THRILL"
THROWN IN TARGET GAMES,2,"AXE, DART, HORSESHOE, RING"
___ WRAP,3,"BODY, BUBBLE, GIFT, SHRINK"
PIECES OF FURNITURE,0,"BED, CHAIR, COUCH, TABLE"
"CARRY, AS A FEELING",1,"BEAR, HARBOR, HOLD, MAINTAIN"
WINE TASTING DESCRIPTORS,2,"BALANCED, DRY, FULL, SWEET"
STARTING WITH METALS,3,"GOLDILOCKS, IRONIC, LEADERSHIP, TINDER"
INTRINSIC MOTIVATORS,0,"DESIRE, DRIVE, RESOLVE, WILL"
SUMMER GEAR,1,"HAT, SHORTS, SUNGLASSES, TEE"
COLLECTION,2,"ARRAY, BATTERY, SET, SERIES"
HORSE___,3,"FLY, POWER, RADISH, SHOE"
DISORDERLY PLACE,0,"DUMP, MESS, PIGPEN, STY"
STURDY,1,"FIRM, SOLID, SOUND, STABLE"
FOUND IN CRACKER JACKS,2,"CARAMEL, PEANUTS, POPCORN, PRIZE"
___ HORSE,3,"CHARLEY, CRAZY, DARK, GIFT"
BRIEF MOMENT,0,"FLASH, HEARTBEAT, JIFF, WINK"
DISPUTE,1,"CLASH, SCRAP, TANGLE, TIFF"
SLANG FOR ZERO,2,"JACK, LOVE, SQUAT, ZIP"
ACCESSORIES FOR MR. PEANUT,3,"CANE, MONOCLE, SPAT, TOP HAT"
BREADTH,0,"EXTENT, RANGE, REACH, SCOPE"
HAIR TOOLS,1,"BRUSH, COMB, DRYER, IRON"
HERALDRY TERMS,2,"ARMS, COAT, CREST, SHIELD"
WORDS BEFORE “DRUM”,3,"EAR, KETTLE, OIL, STEEL"
PERSON IN CHARGE,0,"CHAIR, CHIEF, DIRECTOR, HEAD"
GRASSY AREA,1,"FIELD, GREEN, GROUNDS, LAWN"
WORDS BEFORE “NUT”,2,"CHEST, COCO, HAZEL, PEA"
SECOND WORDS IN TARANTINO MOVIES,3,"BROWN, DOGS, FICTION, UNCHAINED"
"HAIRCUTS, WITH “CUT”",0,"BOWL, BUZZ, CREW, PIXIE"
MEASURING INSTRUMENTS,1,"COMPASS, RULER, SCALE, WATCH"
WATER AND GAS CONDUITS,2,"CHANNEL, LINE, MAIN, PIPE"
FAST FOOD MASCOTS,3,"CLOWN, COLONEL, KING, MERMAID"
ORDERLY,0,"CLEAN, NEAT, TIDY, TRIM"
AUGMENTATIVE PREFIXES,1,"HYPER, SUPER, UBER, ULTRA"
BECOME LARGER,2,"BALLOON, MUSHROOM, SNOWBALL, SWELL"
ITEMS IN CLASSIC KIDS’ GAMES,3,"DOMINO, JACK, MARBLE, STICK"
SEEN AT THE CIRCUS,0,"CLOWN, RING, TENT, TRAPEZE"
“THE WIZARD OF OZ” FIGURES,1,"LION, SCARECROW, WITCH, WIZARD"
FILM DEPARTMENTS,2,"HAIR, MAKEUP, PROPS, WARDROBE"
“I’M A ___” (LYRICS IN “THE JOKER”),3,"JOKER, LOVER, SINNER, SMOKER"
PULL USING FORCE,0,"RIP, TEAR, WRENCH, YANK"
BIT OF REPETITIVE TRAINING,1,"DRILL, EXERCISE, PRACTICE, ROUTINE"
U.S.-BASED AIRLINES,2,"AMERICAN, FRONTIER, SPIRIT, UNITED"
BEGINNING WITH DAY ABBREVIATIONS,3,"FRIAR, MONKEY, SUNDRY, WEDDING"
INVENT AS YOU GO,0,"AD-LIB, FREESTYLE, IMPROV, MAKE UP"
THINGS BABIES DO,1,"BABBLE, COO, CRAWL, NURSE"
SUPERFICIAL,2,"COSMETIC, EXTERNAL, SHALLOW, SURFACE"
___ EFFECT,3,"BUTTERFLY, DOMINO, PLACEBO, SIDE"
FLABBERGAST,0,"FLOOR, ROCK, SHOCK, SURPRISE"
BIT OF JOURNALISM,1,"ARTICLE, FEATURE, REPORT, STORY"
ON THE SAME PLANE,2,"EVEN, FLAT, FLUSH, LEVEL"
THEATER SECTIONS,3,"BALCONY, BOX, ORCHESTRA, STAGE"
UPRIGHT SUPPORT,0,"COLUMN, PILLAR, POLE, POST"
"HEED, AS RULES",1,"FOLLOW, MIND, OBSERVE, REGARD"
ALLOTMENT,2,"INTEREST, PERCENTAGE, SHARE, STAKE"
GATHERED BY SPIES,3,"DIRT, INFORMATION, INTELLIGENCE, SECRETS"
SIDEWALK SIGHTS,0,"CURB, GRATE, GUTTER, MANHOLE"
HAVE IN MIND,1,"AIM, INTEND, MEAN, PLAN"
UNIT ABBREVIATIONS,2,"CAL, GAL, IN, OZ"
GOLDEN ___,3,"FLEECE, GIRLS, PARACHUTE, RULE"
ATTACH WITH ADHESIVE,0,"ADHERE, GLUE, PASTE, STICK"
PUBLISHED LINES,1,"COPY, TEXT, WORDS, WRITING"
DIAMOND QUALITIES,2,"CARAT, CLARITY, COLOR, CUT"
A-___,3,"LIST, OK, PLUS, ROD"
BALDERDASH,0,"BUNK, CROCK, HOGWASH, HORSEFEATHERS"
TRACK AND FIELD EQUIPMENT,1,"BATON, HAMMER, HURDLE, POLE"
PARTS OF A DEVIL COSTUME,2,"GOATEE, HORNS, PITCHFORK, TAIL"
TYPES OF KNOTS,3,"BEND, BOWLINE, HITCH, SHEEPSHANK"
EMBODIMENT,0,"EXAMPLE, IDEAL, MODEL, SYMBOL"
RELATED TO TRAINS,1,"CAR, CONDUCTOR, STATION, TRACK"
STARTING WITH THE SAME SOUND,2,"CYMBAL, SCIMITAR, SIMMER, SYMPHONY"
EAR___,3,"DRUM, MARK, WAX, WIG"
SLANG FOR FRIEND,0,"BUD, CHUM, MATE, PAL"
ADJECTIVES FOR A BASEMENT,1,"COLD, DANK, DARK, MUSTY"
STUBBLE,2,"FUZZ, SCRUFF, SHADOW, WHISKERS"
COLLECTION OF MONEY,3,"FUND, KITTY, POOL, POT"
THROW OUT,0,"BOOT, BOUNCE, EJECT, TOSS"
TERRA FIRMA,1,"EARTH, GROUND, LAND, SOIL"
SEAS,2,"BALTIC, BLACK, PHILIPPINE, RED"
TOM HANKS MOVIES,3,"BIG, PHILADELPHIA, SPLASH, SULLY"
TACO TOPPINGS,0,"CILANTRO, LIME, ONION, SALSA"
METRIC PREFIXES,1,"KILO, MEGA, MICRO, PICO"
KINDS OF SKIRTS,2,"MINI, PENCIL, POODLE, WRAP"
WORDS WITH “HILL”,3,"CAPITOL, FAITH, FOOT, MOLE"
LAB EQUIPMENT,0,"BEAKER, DROPPER, GOGGLES, MICROSCOPE"
NEXUS,1,"CENTER, HEART, HUB, NUCLEUS"
SPREADSHEET TERMS,2,"CELL, FORMULA, SHEET, SORT"
___ LANGUAGE,3,"BODY, LOVE, ROMANCE, SIGN"
REFINED SENSIBILITY,0,"ELEGANCE, GRACE, STYLE, TASTE"
CATCH SOME RAYS,1,"BAKE, BASK, SUN, TAN"
EMOTIONALLY SWAY ,2,"AFFECT, IMPACT, MOVE, TOUCH"
NUMBERS WITH FIRST LETTERS REPLACED BY “S”,3,"SEN, SIGHT, SINE, SOUR"
TRUST AS REAL,0,"ACCEPT, BELIEVE, BUY, SWALLOW"
POWER ISSUES,1,"OUTAGE, SHORT, SPIKE, SURGE"
SUMMARY,2,"ABSTRACT, BRIEF, DIGEST, OUTLINE"
NAME HOMOPHONES,3,"CURT, HAIRY, KNEEL, WANE"
"PASSIONATE, AS A FEELING",0,"DEEP, EXTREME, FIERCE, INTENSE"
BANG INTO,1,"BUMP, BUTT, KNOCK, RAM"
ANALOG TV INTERFERENCE,2,"FUZZ, NOISE, SNOW, STATIC"
___ MARY,3,"BLOODY, HAIL, PROUD, VIRGIN"
EXERCISES,0,"BRIDGE, CRUNCH, DIP, SQUAT"
FEATURED IN WESTERNS,1,"BOUNTY, COWBOY, DUEL, SALOON"
LEADERS WHO RECEIVED THE NOBEL PEACE PRIZE,2,"CARTER, GORE, KING, TUTU"
___ BEE,3,"BUSY, HONEY, QUEEN, SPELLING"
DIPPING SAUCES,0,"AIOLI, BARBECUE, MARINARA, RANCH"
INTERROGATE,1,"EXAMINE, GRILL, PROBE, QUESTION"
TRANSACTION RECORD,2,"BILL, INVOICE, RECEIPT, STATEMENT"
WHAT “STOCK” MIGHT MEAN,3,"ANCESTRY, BROTH, CATTLE, MERCHANDISE"
FEATURES ON A PAIR OF JEANS,0,"BUTTON, FLY, POCKET, RIVET"
"OBJECTS IN 0-, 1-, 2- AND 3-DIMENSIONAL SPACE",1,"LINE, PLANE, POINT, SOLID"
WEB BROWSER MENUS,2,"FILE, HISTORY, VIEW, WINDOW"
MEMBER OF A ’60S BAND,3,"ANIMAL, DOOR, KINK, SUPREME"
HIGHLY SKILLED,0,"ACE, CRACKERJACK, EXPERT, HOTSHOT"
USED TO FIX A FLAT,1,"CHOCK, JACK, TIRE, WRENCH"
JOAQUIN PHOENIX MOVIES,2,"GLADIATOR, HER, JOKER, SIGNS"
WORDS STARTING WITH MUSIC GENRES,3,"POPCORN, RAPTURE, ROCKETRY, SOULMATE"
NIGHTSPOTS,0,"BAR, CLUB, DISCO, LOUNGE"
CAST OFF,1,"DITCH, DROP, LOSE, SHED"
UNITS OF LENGTH,2,"FATHOM, FOOT, LEAGUE, YARD"
___ SALE,3,"BAKE, CLEARANCE, GARAGE, SAMPLE"
ENJOY,0,"FANCY, LOVE, RELISH, SAVOR"
FILLER WORDS,1,"LIKE, LITERALLY, UM, WELL"
COMPONENTS OF A LOCK,2,"CYLINDER, PIN, SPRING, TUMBLER"
HOMOPHONES OF UNITS OF MEASURE,3,"CARROT, HURTS, JEWEL, OM"
SOMETHING GAINED FROM HARD WORK,0,"BENEFIT, FRUIT, RETURN, REWARD"
KINDS OF BAGELS,1,"EGG, EVERYTHING, PLAIN, POPPY"
CONTRIBUTE TO A MOVIE,2,"ACT, DIRECT, PRODUCE, WRITE"
STARTS OF MONSTERS,3,"FRANK, MUM, VAMP, WERE"
CONNECT,0,"COUPLE, JOIN, LINK, TIE"
NUISANCE,1,"BOTHER, HANDFUL, PAIN, PEST"
QUANTITY WORDS,2,"FEW, MANY, SEVERAL, SOME"
"TAROT CARDS, WITH “THE”",3,"FOOL, LOVERS, MAGICIAN, TOWER"
DELI BREAD OPTIONS,0,"BUN, HERO, ROLL, WRAP"
SLANG FOR MOUTH,1,"CHOPS, KISSER, TRAP, YAP"
KEEP RHYTHM WITH MUSIC,2,"BOB, CLAP, SNAP, TAP"
ROUND OF ___,3,"APPLAUSE, DRINKS, FUNDING, GOLF"
SHADES OF RED,0,"BRICK, CHERRY, ROSE, RUBY"
LITTLE BIT OF A BEVERAGE,1,"DROP, SPLASH, SPOT, SPRINKLE"
CHOICEST,2,"BEST, CREAM, PICK, TOP"
___ BATH,3,"BIRD, BUBBLE, MUD, SPONGE"
CONTAINER CLOSURES,0,"CAP, CORK, LID, TAB"
DURATION,1,"PERIOD, SPELL, STRETCH, TIME"
REGULATE,2,"CHECK, CONTAIN, CURB, LIMIT"
TRADEMARKS OF A PLATYPUS,3,"BILL, EGG, FUR, VENOM"
CHUTZPAH,0,"BRASS, CHEEK, GALL, NERVE"
ACCESSORIES FOR DOG WALKING,1,"COLLAR, HALTER, HARNESS, LEAD"
THINGS THAT SPIN,2,"CAROUSEL, GLOBE, RECORD, TOP"
LEAD SINGERS OF ’70S ROCK BANDS,3,"FERRY, MERCURY, NICKS, PLANT"
ONE WITH TOP BILLING,0,"HEADLINER, LEAD, PRINCIPAL, STAR"
VAMPIRE VULNERABILITIES,1,"CROSS, GARLIC, SILVER, SUN"
"SATIRICAL PUBLICATIONS, FAMILIARLY",2,"CRACKED, LAMPOON, MAD, ONION"
CLUB ___,3,"MED, MUSIC, SANDWICH, SODA"
PLAYFULLY POKE FUN AT,0,"KID, NEEDLE, RIB, TEASE"
CUTS OF BEEF,1,"CHUCK, FLANK, LOIN, ROUND"
ACRONYMS,2,"MIA, OMG, PIN, RAM"
COCKTAILS MINUS PLACE NAMES,3,"LIBRE, MAMA, MULE, SLING"
FASHION DESIGNER'S OUTPUT,0,"BRAND, COLLECTION, LABEL, LINE"
PLAYGROUND VERBS,1,"DODGE, HIDE, HOP, TAG"
LOONEY TUNES FIGURES,2,"BUNNY, DUCK, MARTIAN, PIG"
HOMOPHONES OF MUSICALS,3,"GREECE, HARE, KATZ, MAIM"
EARLY ITERATION,0,"DRAFT, OUTLINE, PLAN, SKETCH"
ENJOY A MEAL,1,"DINE, FEAST, FEED, SUP"
SPANISH PRONOUNS,2,"ELLA, ME, SUS, YO"
SLIM ___,3,"FIT, JIM, PICKINGS, SHADY"
BIT OF LEGISLATION,0,"ACT, BILL, MEASURE, RESOLUTION"
GRASSLAND,1,"MEADOW, PLAIN, PRAIRIE, SAVANNA"
FORTHRIGHT,2,"DIRECT, FRANK, OPEN, STRAIGHT"
CAR COMPANIES MINUS LETTER,3,"AURA, BUCK, DOGE, HODA"
PHOTO,0,"PIC, SHOT, SNAP, STILL"
"ASSURE, AS A VICTORY",1,"CINCH, ICE, LOCK, SECURE"
MOVE IN AN EFFORTLESS WAY,2,"BREEZE, COAST, GLIDE, SAIL"
___ BLANKET,3,"PICNIC, SECURITY, THROW, WET"
CORRUPT,0,"BASE, DIRTY, LOW, VILE"
REACH OUT TO,1,"CONTACT, MESSAGE, PING, TEXT"
CLASSIC STILL LIFE COMPONENTS,2,"FRUIT, PITCHER, SKULL, TABLECLOTH"
BEER ___,3,"BATTER, CAN, GARDEN, PONG"
ANIMALS WHOSE NAMES ARE TWO ANIMALS,0,"BULLDOG, CATFISH, HORSEFLY, TURTLEDOVE"
SHARP TURNS,1,"DOGLEG, HAIRPIN, SWITCHBACK, ZAG"
CLASSIC PARTY GAMES,2,"CATEGORIES, CHARADES, FISHBOWL, WEREWOLF"
THINGS WITH SPRING/S,3,"CLOCK, MATTRESS, MOUSETRAP, TRAMPOLINE"
AFFLUENT,0,"FLUSH, LOADED, RICH, WEALTHY"
CUT INTO PIECES,1,"CHOP, CUBE, DICE, MINCE"
OLD-FASHIONED,2,"SQUARE, STRAIGHT, STUFFY, TRADITIONAL"
FRUIT HOMOPHONES,3,"BURY, CURRENT, LEACHY, PAIR"
SORCERER’S OUTPUT,0,"CHARM, HEX, MAGIC, SPELL"
ONE BEING MANIPULATED,1,"INSTRUMENT, PAWN, PUPPET, TOOL"
CLASSIC SUPERHERO WEAR,2,"CAPE, MASK, TIGHTS, UNDERWEAR"
ACTION MOVIE DIRECTORS,3,"BAY, CARPENTER, SCOTT, WOO"
SMIDGEN,0,"BIT, DASH, PINCH, TOUCH"
BARGAIN,1,"BUY, DEAL, STEAL, VALUE"
BILLIARDS EQUIPMENT,2,"BALL, CHALK, CUE, RACK"
___BOOK (THAT’S NOT A BOOK),3,"FACE, MAC, MATCH, POCKET"
"BODY PARTS IN “HEAD, SHOULDERS, KNEES AND TOES”",0,"HEAD, KNEES, SHOULDERS, TOES"
"CAR, INFORMALLY",1,"AUTO, RIDE, WHEELS, WHIP"
REMOVES THE COVERING OF,2,"PARES, PEELS, SHELLS, SHUCKS"
“BUZZY” THINGS,3,"BEES, CAFFEINE, GOSSIP, INTERCOMS"
TAKE ADVANTAGE OF,0,"EXPLOIT, LEVERAGE, MILK, USE"
"FINISHED, AS TIME",1,"DONE, OVER, THROUGH, UP"
NEWSPAPER DESKS,2,"CITY, COPY, CULTURE, SPORTS"
WORDS BEGINNING WITH GREETINGS,3,"HEYDAY, HIJINKS, SUPPER, YOGURT"
CONDUITS FOR WATER REMOVAL,0,"DRAIN, DUCT, PIPE, SEWER"
FOOD PRODUCTS ASSOCIATED WITH SENTIMENTALITY,1,"CHEESE, CORN, SAP, SCHMALTZ"
THINGS TO CRACK,2,"EGG, KNUCKLES, SMILE, WINDOW"
___ CHANGE,3,"CHUMP, CLIMATE, LOOSE, SEA"
ADVERTISING FORMAT,0,"BANNER, BILLBOARD, POSTER, SIGN"
INAUGURAL,1,"FIRST, INITIAL, MAIDEN, PREMIER"
ADVOCATE FOR,2,"BACK, CHAMPION, ENDORSE, SUPPORT"
PRONOUN PLUS “E”,3,"HERE, THEME, USE, WEE"
FOUND ON A STOVE TOP,0,"GRIDDLE, KETTLE, PAN, POT"
ORNAMENTAL BORDER,1,"FRILL, FRINGE, RUFFLE, TRIM"
"DEPOSIT, WITH “DOWN”",2,"LAY, PLACE, PUT, SET"
WORDS THAT SOUNDS LIKE PLURAL LETTERS,3,"GEEZ, SEIZE, TEASE, WISE"
AGENCY IN DECISIONMAKING,0,"CHOICE, SAY, VOICE, VOTE"
DOG COMMANDS,1,"DOWN, HEEL, SHAKE, SPEAK"
KINDS OF NOTES,2,"FLAT, NATURAL, QUARTER, WHOLE"
___ IRON,3,"PUMP, STEAM, TIRE, WAFFLE"
AMENABLE,0,"EASY, FLEXIBLE, OPEN, RECEPTIVE"
ANAGRAMS,1,"EVIL, LIVE, VEIL, VILE"
SPELLING BEE RANKS,2,"AMAZING, BEGINNER, GENIUS, SOLID"
ADJECTIVES FOR A CANDLE,3,"LIT, SCENTED, WAXY, WICKED"
FOOD,0,"CHOW, EATS, FARE, GRUB"
PILOT,1,"DIRECT, GUIDE, LEAD, STEER"
INTIMIDATE,2,"BULLY, COW, DAUNT, RATTLE"
___ MARKET,3,"BULL, FLEA, MEAT, STOCK"
PLUNDER,0,"LOOT, RAID, ROB, SACK"
INFLUENCE,1,"CLOUT, PULL, SWAY, WEIGHT"
HAIRSTYLES,2,"BOB, CROP, FADE, SHAG"
___ PIN,3,"BOBBY, HAIR, PUSH, SAFETY"
CORPUS,0,"BODY, CANON, OEUVRE, WORKS"
MOUNT ___,1,"FUJI, HOOD, OLYMPUS, WHITNEY"
COMPONENTS OF AN LP,2,"INSERT, JACKET, RECORD, SLEEVE"
THINGS PEOPLE SHAKE,3,"HANDS, MARACA, POLAROID, SNOWGLOBE"
“DON’T DELAY!”,0,"HURRY, NOW, PRONTO, STAT"
OCEAN PHENOMENA,1,"CURRENT, DRIFT, TIDE, WAVE"
DUMBBELL EXERCISES,2,"CURL, FLY, PRESS, ROW"
PHILOSOPHER HOMOPHONES,3,"LOCK, MARKS, PANE, RUSTLE"
CONFORMISTS,0,"FOLLOWERS, LEMMINGS, PUPPETS, SHEEP"
COMPANY OWNERSHIP OFFERS,1,"EQUITY, OPTIONS, SHARES, STOCKS"
U.S. CITIES,2,"BILLINGS, BUFFALO, MOBILE, PHOENIX"
WHAT “DIGS” MIGHT MEAN,3,"APARTMENT, INSULTS, LIKES, SHOVELS"
"REMOVE, AS BODY HAIR",0,"LASER, PLUCK, THREAD, WAX"
TWIST AROUND,1,"COIL, SPOOL, WIND, WRAP"
THINGS MADE OF CELLS,2,"HONEYCOMB, ORGANISM, SOLAR PANEL, SPREADSHEET"
B-___,3,"BALL, MOVIE, SCHOOL, VITAMIN"
"TAKE HOME, AS INCOME",0,"CLEAR, EARN, MAKE, NET"
PARTS OF A WIZARD COSTUME,1,"BEARD, HAT, ROBE, STAFF"
FOUND ON A SHIP,2,"BRIDGE, DECK, HATCH, KEEL"
C-___,3,"CLEF, SECTION, SPAN, SUITE"
“AWESOME!”,0,"COOL, NICE, SICK, SWEET"
VARIETY,1,"KIND, SORT, STYLE, TYPE"
GIST,2,"DRIFT, IDEA, MESSAGE, POINT"
"FRIED APPETIZER, INFORMALLY",3,"RING, STICK, TENDER, WING"
MOVE TO ACTION,0,"DRIVE, PROMPT, PROPEL, PUSH"
UNO CARDS,1,"DRAW, REVERSE, SKIP, WILD"
HAIL SIZE COMPARISONS,2,"BASEBALL, GRAPEFRUIT, MARBLE, PEA"
PLACES WITH BENCHES,3,"COURTROOM, DUGOUT, GYM, PARK"
DREAM UP,0,"CONCEIVE, ENVISION, IMAGINE, PICTURE"
THIN COVERING,1,"COAT, FILM, LAYER, SKIN"
"REMOVE, AS CRUMBS",2,"BRUSH, FLICK, SWEEP, WIPE"
VERBS FOR A SOFTWARE ENGINEER,3,"CODE, DEVELOP, HACK, PROGRAM"
GRAB ONE’S ATTENTION,0,"ABSORB, ENGROSS, HOLD, RIVET"
DOCUMENT WITH VIDEO,1,"FILM, RECORD, SHOOT, TAPE"
ANAGRAMS,2,"PASTEL, PETALS, PLEATS, STAPLE"
PRETTY ___,3,"GOOD, PENNY, PLEASE, WOMAN"
FEELING SOME TYPE OF WAY,0,"BITTER, SALTY, SORE, UPSET"
THROW HERE AND THERE,1,"PEPPER, SCATTER, SPRINKLE, STREW"
THINGS WITH LAYERS,2,"CAKE, EARTH, ONION, PLYWOOD"
___ POTATO,3,"BAKED, COUCH, HOT, SWEET"
CORE,0,"CRUX, ESSENCE, HEART, SUBSTANCE"
COMPLICATED,1,"BAROQUE, COMPLEX, ELABORATE, INVOLVED"
SYMBOLS USED IN MAKING LISTS,2,"ARROW, BULLET, CHECKBOX, HYPHEN"
WHAT “CROSS” MIGHT MEAN,3,"ANGRY, BETRAY, CRUCIFIX, HYBRID"
HOMOPHONES,0,"BI, BUY, BY, BYE"
"MUSCLES, INFORMALLY",1,"AB, PEC, QUAD, TRI"
MUSIC GENRES,2,"DUB, EMO, POP, TRAP"
SETTINGS ON AN APPLIANCE KNOB,3,"HI, LO, MED, OFF"
PLACES IN NEW YORK CITY,0,"CHINATOWN, DUMBO, MANHATTAN, WALL STREET"
RHYMING TITLES,1,"BE KIND REWIND, E.T., FRIGHT NIGHT, KILL BILL"
ENDING IN UNITS OF MEASUREMENT,2,"HEDWIG AND THE ANGRY INCH, MY LEFT FOOT, THE GREEN MILE, THE LONGEST YARD"
STARTING WITH ANIMALS,3,"BEETLEJUICE, FOXY BROWN, DOGMA, OCTOPUSSY"
ENJOY,0,"APPRECIATE, DIG, FANCY, LIKE"
BLOCKBUSTER,1,"HIT, SENSATION, SMASH, SUCCESS"
CAMPAIGN SWAG,2,"BUTTON, HAT, SHIRT, STICKER"
WORDS AFTER “COPY”,3,"CAT, EDITOR, PASTE, THAT"
WRITING ASSIGNMENTS,0,"ARTICLE, ESSAY, PAPER, REPORT"
THINGS THAT ARE PINK,1,"BUBBLE GUM, CARNATION, ERASER, FLAMINGO"
NATO PHONETIC ALPHABET,2,"FOXTROT, HOTEL, VICTOR, YANKEE"
ASSOCIATED WITH #2,3,"DEPUTY, DEREK JETER, PENCIL, SILVER MEDAL"
BASKETBALL SHOTS,0,"DUNK, FLOATER, LAYUP, THREE"
FISH,1,"PERCH, PIKE, SKATE, SOLE"
QUALITIES OF THICK HAIR,2,"BODY, BOUNCE, LIFT, VOLUME"
___ CHILD,3,"FLOWER, ONLY, POSTER, PROBLEM"
CURRENT SITUATION,0,"CONDITION, FORM, SHAPE, STATE"
REMOTE RURAL AREA,1,"BUSH, COUNTRY, STICKS, WOODS"
CLASSIC LAWN ORNAMENTS,2,"FLAMINGO, FOUNTAIN, GNOME, PINWHEEL"
___ TALE,3,"FAIRY, FISH, FOLK, TALL"
"DELIVER, AS A PACKAGE",0,"MAIL, POST, SEND, SHIP"
KINDS OF LIP MAKEUP,1,"BALM, GLOSS, LINER, STAIN"
PREDICAMENT,2,"CORNER, FIX, HOLE, SPOT"
MEASURED IN DEGREES,3,"ANGLE, CRIME, EDUCATION, TEMPERATURE"
REMOTE CONTROL BUTTONS,0,"CHANNEL, MENU, POWER, VOLUME"
HIDE FROM VIEW,1,"BLOCK, COVER, SCREEN, SHIELD"
DRINK GARNISHES,2,"CHERRY, OLIVE, SWORD, UMBRELLA"
FIRST WORD IN BOND MOVIE TITLES,3,"CASINO, DIAMONDS, QUANTUM, TOMORROW"
PURSUIT,0,"CHASE, HUNT, QUEST, SEARCH"
ROMANTIC LETTER SIGN-OFFS,1,"ALWAYS, KISSES, LOVE, YOURS"
GROUP WITHIN A GROUP,2,"CAMP, PARTY, SIDE, WING"
GOLD ___,3,"BOND, LEAF, MINE, RUSH"
BITS OF HARDWARE,0,"NAIL, NUT, SCREW, WASHER"
FISHING GEAR,1,"FLY, HOOK, LINE, SINKER"
HAIR SALON FIXTURES,2,"CHAIR, DRYER, MIRROR, SINK"
LIGHTNING ___,3,"BOLT, BUG, ROD, STRIKE"
AMUSEMENT PARK RIDES,0,"FERRIS WHEEL, MERRY-GO-ROUND, ROLLER COASTER, TILT-A-WHIRL"
APPROVAL,1,"CLEARANCE, GO-AHEAD, GREEN LIGHT, THUMBS-UP"
TYPES OF COME-FROM-BEHIND STORIES,2,"CINDERELLA, DAVID-AND-GOLIATH, RAGS-TO-RICHES, UNDERDOG"
BEGINNING WITH SYNONYMS FOR REAR END,3,"BUMPER-TO-BUMPER, BUTTERMILK, RUMPELSTILTSKIN, TAILGATE"
ONE THING AFTER ANOTHER,0,"CHAIN, TRAIN, SERIES, STRING"
KINDS OF GOLF CLUBS,1,"DRIVER, IRON, WEDGE, WOOD"
"HORROR MOVIES, WITH “THE”",2,"BIRDS, FOG, OMEN, RING"
WORDS FOR SAUSAGE,3,"BRAT, DOG, FRANK, LINK"
“SETTLE DOWN!”,0,"EASY, ENOUGH, RELAX, QUIET"
MINOR AILMENTS,1,"BUG, CHILL, COLD, COUGH"
WHAT HUMPBACK WHALES DO,2,"BREACH, DIVE, SING, SPOUT"
___ CITY NICKNAMES,3,"MAGIC, MOTOR, SIN, WINDY"
SORE TO THE TOUCH,0,"DELICATE, RAW, SENSITIVE, TENDER"
RESTAURANT COURSES,1,"DESSERT, MAIN, SIDE, STARTER"
ANIMAL HOMOPHONES,2,"BARE, DEAR, MOUSSE, NEW"
RED ___,3,"CARPET, DELICIOUS, MEAT, TAPE"
"DIVULGE, AS PRIVATE INFORMATION",0,"DISH, SPILL, TALK, TELL"
DIVIDE,1,"BRANCH, FORK, PART, SPLIT"
SILENT “K”,2,"DOORKNOB, KNIFE, TOPKNOT, UNKNOWN"
"KEY TO SUCCESS, SO TO SPEAK",3,"FORMULA, RECIPE, SECRET, TICKET"
ARMY RANKS,0,"CAPTAIN, GENERAL, MAJOR, PRIVATE"
PLACE TO PLUG SOMETHING IN,1,"JACK, OUTLET, PORT, SOCKET"
"CONSUMER DESIRE, COLLECTIVELY",2,"APPETITE, AUDIENCE, DEMAND, MARKET"
___ AD,3,"ATTACK, PERSONAL, POP-UP, WANT"
PURSUIT,0,"CHASE, HUNT, QUEST, SEARCH"
ROMANTIC LETTER SIGN-OFFS,1,"ALWAYS, KISSES, LOVE, YOURS"
GROUP WITHIN A GROUP,2,"CAMP, PARTY, SIDE, WING"
GOLD ___,3,"BOND, LEAF, MINE, RUSH"
TYPES OF BAGS,0,"CLUTCH, MESSENGER, SATCHEL, TOTE"
WIGGLE ROOM,1,"FREEDOM, LATITUDE, LICENSE, SLACK"
INDICATION TO PROCEED,2,"CUE, PROMPT, SIGNAL, WORD"
UNDERWEAR IN THE SINGULAR,3,"BOXER, BRIEF, DRAWER, SHORT"
HOMOPHONES,0,"TO, TOO, TUE, TWO"
CONNECT,1,"COUPLE, TIE, UNITE, WED"
PLACED DOWN,2,"LAID, PLACED, PUT, SAT"
___FLOWER,3,"MAY, SUN, WALL, WILD"
OLD SAYING,0,"ADAGE, CHESTNUT, MAXIM, SAW"
GRILL FUEL SOURCES,1,"CHARCOAL, ELECTRIC, GAS, WOOD"
TREES,2,"ASH, CHERRY, EBONY, GUM"
HOT TUB COMPONENTS,3,"FILTER, HEATER, JET, PUMP"
SHOW THE WAY,0,"DIRECT, GUIDE, LEAD, USHER"
SCHEME,1,"CON, HUSTLE, RACKET, STING"
SEEN ON A U.S. DOLLAR BILL,2,"EAGLE, PYRAMID, SEAL, WASHINGTON"
FIRST WORDS OF CANADIAN PROVINCES/TERRITORIES,3,"BRITISH, NORTHWEST, NOVA, PRINCE"
PACK (AWAY) FOR FUTURE USE,0,"SQUIRREL, STASH, STORE, STOW"
ADJECTIVES FOR ASSETS,1,"FIXED, FROZEN, LIQUID, TOXIC"
LATIN WORDS,2,"CAVEAT, ERGO, QUID, VOX"
___ GAME,3,"ARCADE, BLAME, NUMBERS, SQUID"
"DEVELOP, AS IDEAS",0,"BRAINSTORM, IDEATE, SPITBALL, WORKSHOP"
TANGIBLE,1,"CONCRETE, MATERIAL, REAL, SOLID"
KINDS OF CAKE,2,"BIRTHDAY, CRUMB, MARBLE, POUND"
"THINGS YOU CAN THROW, IN METAPHORS",3,"CURVEBALL, PARTY, TANTRUM, WRENCH"
ROMANTIC RAPPORT,0,"ATTRACTION, CHEMISTRY, FIREWORKS, SPARKS"
THINGS STORED BY A WEB BROWSER,1,"CACHE, COOKIES, DATA, HISTORY"
SINGLE ROTATION,2,"CYCLE, LAP, TURN, REVOLUTION"
WORDS BEFORE “BELL”,3,"BAR, DINNER, LIBERTY, TINKER"
YEARN,0,"DESIRE, LONG, PINE, YEN"
MAGAZINES,1,"FORTUNE, MAD, NATURE, O"
CHARACTERS IN BOND MOVIES,2,"BOND, M, MONEYPENNY, Q"
WORDS THAT PRECEDE “POP” IN MUSIC GENRES,3,"BUBBLEGUM, EURO, K, POWER"
BIOLOGICAL BUILDING BLOCKS,0,"ATOM, CELL, MOLECULE, PROTEIN"
PURCHASES FOR A BABY,1,"BOTTLE, CRIB, MOBILE, RATTLE"
OBJECTS PLAYED AS INSTRUMENTS,2,"JUG, SAW, SPOONS, WASHBOARD"
___ TAG,3,"DOG, FREEZE, PHONE, PRICE"
CHANGE STATES OF MATTER,0,"CONDENSE, FREEZE, MELT, VAPORIZE"
REPLACEMENT,1,"ALTERNATE, BACKUP, COVER, SUB"
SLANGY NAMES FOR PROFESSIONS,2,"COPPER, HACK, SHRINK, SUIT"
MARIAH CAREY NUMBER ONE HITS,3,"FANTASY, HERO, HONEY, SOMEDAY"
BIT OF ADVICE,0,"POINTER, SUGGESTION, TIP, TRICK"
FORTITUDE,1,"GRIT, RESOLVE, SPIRIT, WILL"
SPEND TIME AT,2,"FREQUENT, HAUNT, PATRONIZE, VISIT"
WORDS ENDING IN NUMBERS,3,"CANINE, FREIGHT, OFTEN, OZONE"
CHRONICLE,0,"JOURNAL, LOG, RECORD, REGISTER"
MESS OF HAIR,1,"MANE, MOP, SHOCK, TANGLE"
TV SHOWS MINUS “S”,2,"CHEER, FRIEND, SCRUB, WEED"
WORDS AFTER “HEDGE”,3,"FUND, HOG, MAZE, TRIMMER"
FUTURE LIKELIHOOD,0,"CHANCE, FORECAST, OUTLOOK, PROSPECT"
BACK TALK,1,"ATTITUDE, CHEEK, LIP, SASS"
FISH,2,"BASS, FLUKE, PERCH, PIKE"
COMPONENTS OF EYEGLASSES,3,"BRIDGE, LENS, RIM, TEMPLE"
SCHOOL SUPPLIES,0,"PEN, RULER, SCISSORS, TAPE"
FUNDAMENTAL,1,"ESSENTIAL, KEY, PRINCIPAL, STAPLE"
TRANSFER,2,"GIVE, HAND, PASS, SEND"
LIGHT-UP SIGNS,3,"APPLAUSE, EXIT, RECORDING, WALK"
SCHOOL FACILITIES,0,"AUDITORIUM, GYM, LAB, LIBRARY"
ROULETTE BETS,1,"BLACK, EVEN, ODD, RED"
ASSOCIATED WITH “DOVE”,2,"CHOCOLATE, PEACE, PIGEON, SOAP"
___ GOOSE,3,"GREY, GOLDEN, MOTHER, SILLY"
ENORMOUS,0,"GIANT, MAMMOTH, MONSTER, TITANIC"
EMBODIMENT,1,"AVATAR, CHARACTER, FIGURE, PERSONA"
COME ACROSS AS,2,"APPEAR, LOOK, SEEM, SOUND"
SILENT “T”,3,"CASTLE, HUSTLE, LISTEN, WITCH"
SLENDER PROJECTIONS,0,"POINT, PRONG, TINE, TIP"
CONDITIONS FOR COLLECTIBLES,1,"FAIR, FINE, GOOD, MINT"
PROFESSION,2,"BUSINESS, FIELD, LINE, TRADE"
WORDS BEFORE “NUT”,3,"BRAZIL, BUTTER, DOUGH, PINE"
REGARD AS TRUE,0,"ACCEPT, BELIEVE, BUY, TRUST"
FACADE,1,"BLUFF, FRONT, SHAM, SHOW"
WAYS TO SECURE A TV,2,"BASE, BRACKET, MOUNT, STAND"
LIQUOR BOTTLE SIZES,3,"FIFTH, HANDLE, LITER, PINT"
IN A BAD MOOD,0,"CROSS, SHORT, SURLY, TESTY"
EXPERIMENTAL,1,"EXPLORATORY, PILOT, PRELIMINARY, TRIAL"
STARTS OF BROADWAY MUSICALS,2,"FIDDLER, JERSEY, KINKY, MERRILY"
PETER ___,3,"PAN, PARKER, PIPER, RABBIT"
BUILDINGS AROUND TOWN,0,"BANK, LAUNDROMAT, POST OFFICE, SUPERMARKET"
HINDER,1,"CHECK, CURB, HAMPER, INHIBIT"
ANIMAL GROUP NAMES,2,"PACK, PRIDE, SCHOOL, SWARM"
STARTS OF U.S. PRESIDENTS,3,"BIDE, CART, NIX, WASHING"
OPEN SPACE,0,"COURT, PLAZA, SQUARE, YARD"
BOXING UNIT,1,"BOUT, CONTEST, MATCH, ROUND"
GLITZINESS,2,"DAZZLE, FLASH, POMP, RITZ"
EMOJI,3,"FIRE, HEART, SKULL, SPARKLES"
ROMANTIC PARTNER,0,"FLAME, LOVER, STEADY, SWEETHEART"
INSULT,1,"BURN, DIG, JAB, SLIGHT"
GAS PUMP OPTIONS,2,"DIESEL, PLUS, PREMIUM, REGULAR"
___ TABLE,3,"COFFEE, PERIODIC, POOL, WATER"
ANCIENT WRITING SURFACES,0,"CLAY, PAPYRUS, PARCHMENT, WAX"
"LEAD, AS A TV PROGRAM",1,"ANCHOR, HOST, MODERATE, PRESENT"
NATURAL ABILITY,2,"FACULTY, FLAIR, INSTINCT, TALENT"
WRAPPED THINGS,3,"BURRITO, GIFT, MUMMY, SPRAIN"
WAYS TO SUPPORT A CANDIDATE,0,"CAMPAIGN, CANVASS, ORGANIZE, STUMP"
CONSTITUTION,1,"COMPOSITION, FABRIC, MAKEUP, STRUCTURE"
CARPENTRY TOOLS,2,"CLAMP, FILE, LEVEL, SAW"
MATH ABBREVIATIONS,3,"LOG, MAX, MOD, TAN"
REALM OF EXPERTISE,0,"AREA, DOMAIN, FIELD, SPHERE"
MUSICAL INSTRUMENTS,1,"FIDDLE, HORN, RECORDER, TRIANGLE"
USED TO REDIRECT TRAFFIC,2,"BARRIER, CONE, FLAG, FLARE"
FOOD ___,3,"CHAIN, FIGHT, PROCESSOR, PYRAMID"
IMPOSTOR,0,"CHARLATAN, FRAUD, QUACK, SHAM"
UTTERANCE,1,"NOISE, PEEP, SOUND, WORD"
ONE WHO LIKES SHOWING OFF,2,"HAM, HOT DOG, PEACOCK, SHOWBOAT"
LOONEY TUNES CHARACTERS MINUS A LETTER,3,"BUG, PORK, SPEED, TWEET"
JOKE AROUND WITH,0,"KID, RAZZ, RIB, TEASE"
POULTRY CUTS,1,"BREAST, TENDER, THIGH, WING"
BABY ANIMALS,2,"CALF, CUB, FAWN, KIT"
PUSH THROUGH A CROWD,3,"BARGE, JOSTLE, MUSCLE, SHOULDER"
ANCIENT WRITING SURFACES,0,"CLAY, PAPYRUS, PARCHMENT, WAX"
"LEAD, AS A TV PROGRAM",1,"ANCHOR, HOST, MODERATE, PRESENT"
NATURAL ABILITY,2,"FACULTY, FLAIR, INSTINCT, TALENT"
WRAPPED THINGS,3,"BURRITO, GIFT, MUMMY, SPRAIN"
BASIC DIRECTIONS,0,"DOWN, LEFT, RIGHT, UP"
ADVOCATE FOR,1,"BACK, CHAMPION, ENDORSE, SUPPORT"
DRAWBACK,2,"CON, DING, MINUS, STRIKE"
INSTRUMENT HOMOPHONES,3,"BASE, LIAR, LOOT, SYMBOL"
OFF-TOPIC REMARKS,0,"ASIDE, DETOUR, DIGRESSION, TANGENT"
"CREATE, AS RESULTS",1,"BEAR, GENERATE, PRODUCE, YIELD"
HOTTIE,2,"BABE, FOX, SNACK, TEN"
"WORDS REPRESENTED BY THE LETTER ""R""",3,"ARE, RADIUS, REVERSE, RIGHT"
SPLASHY WAYS TO ENTER A POOL,0,"BACKFLIP, BELLYFLOP, CANNONBALL, JACKKNIFE"
REITERATE,1,"ECHO, PARROT, REPEAT, QUOTE"
MAINSTAY,2,"ANCHOR, BACKBONE, CORNERSTONE, PILLAR"
___ RADIO,3,"HAM, PIRATE, SATELLITE, TALK"
STADIUMS,0,"ARENA, BOWL, COLISEUM, DOME"
STREET SUFFIXES,1,"ALLEY, COURT, DRIVE, LANE"
ASSOCIATED WITH SCALES,2,"FISH, JUSTICE, LIBRA, SOLFEGE"
THINGS WITH SPOUTS,3,"FOUNTAIN, GUTTER, TEAPOT, WHALE"
PEACHY KEEN,0,"NEAT, NIFTY, SUPER, SWELL"
PROVIDE MORE DETAILS,1,"ELABORATE, EXPAND, EXPLAIN, SPECIFY"
ABILITY TO DO SOMETHING WELL,2,"FACILITY, FLAIR, GIFT, KNACK"
GROUP OF BUILDINGS,3,"BLOCK, COMPLEX, COMPOUND, DEVELOPMENT"
RASPY,0,"GRUFF, HOARSE, HUSKY, ROUGH"
FINGERS,1,"LITTLE, MIDDLE, POINTER, RING"
ALE STYLES,2,"AMBER, PORTER, SOUR, STOUT"
FRENCH ___,3,"BULLDOG, FRY, HORN, KISS"
PROMOTE,0,"HYPE, MARKET, PITCH, SELL"
THROW,1,"CAST, CHUCK, FLING, HURL"
BOOKSTORE SECTIONS,2,"FICTION, HUMOR, ROMANCE, TRAVEL"
___ SOCKS,3,"ANKLE, CREW, SWEAT, TUBE"
"STRETCH, AS ONE’S PATIENCE",0,"STRAIN, TAX, TEST, TRY"
THINGS A DJ DOES,1,"MIX, SAMPLE, SCRATCH, SPIN"
ADJECTIVES USED IN GRAMMAR,2,"DIRECT, IRREGULAR, POSSESSIVE, PRESENT"
WHAT “GREEN” MIGHT MEAN,3,"ECOLOGICAL, JEALOUS, LUSH, NAUSEOUS"
BIT OF EXCITEMENT,0,"HIGH, KICK, RUSH, THRILL"
TOLERATE,1,"BEAR, STAND, STOMACH, TAKE"
NONSENSE,2,"BALONEY, BULL, BUNK, TRIPE"
THINGS TO CLICK,3,"HEELS, MOUSE, REMOTE, TONGUE"
KIDDO,0,"BUDDY, CHAMP, SPORT, TIGER"
UP FOR IT,1,"AMENABLE, DOWN, GAME, WILLING"
BEGINNING WITH DOUBLE LETTERS,2,"AARDVARK, EERIE, LLAMA, OOZE"
"NICKNAMES FOR THE SEA, WITH “THE”",3,"BLUE, BRINY, DEEP, DRINK"
SURVIVE,0,"GET BY, HACK IT, MAKE DO, MANAGE"
KINDS OF GREETING CARDS,1,"BIRTHDAY, CONGRATULATIONS, GET WELL, THANK YOU"
ARE WE CLEAR?,2,"CAPISCE, GET IT, SEE, UNDERSTAND"
WORDS AFTER “EYE”,3,"CANDY, CONTACT, SHADOW, WITNESS"
FLUFFY WHITE THINGS,0,"CLOUD, COTTON BALL, DANDELION, SHEEP"
ONE IN A RESEARCH STUDY,1,"GUINEA PIG, PARTICIPANT, SUBJECT, VOLUNTEER"
TAKE ISSUE,2,"DISAPPROVE, MIND, OBJECT, PROTEST"
___HORN,3,"BULL, FOG, MATTER, SHOE"
CRAM,0,"JAM, PACK, RAM, STUFF"
RESTAURANT JOBS,1,"COOK, DISHWASHER, HOST, SERVER"
ELECTROMAGNETIC SPECTRUM,2,"MICROWAVE, RADIO, VISIBLE, X-RAY"
THINGS WITH BITS,3,"BRIDLE, BYTE, COMEDIAN, DRILL"
SPLASHY WAYS TO ENTER A POOL,0,"BACKFLIP, BELLYFLOP, CANNONBALL, JACKKNIFE"
REITERATE,1,"ECHO, PARROT, REPEAT, QUOTE"
MAINSTAY,2,"ANCHOR, BACKBONE, CORNERSTONE, PILLAR"
___ RADIO,3,"HAM, PIRATE, SATELLITE, TALK"
NOT PRESENT,0,"ABSENT, ELSEWHERE, GONE, MIA"
SUPPORTER,1,"ADVOCATE, CHAMPION, CHEERLEADER, EXPONENT"
ROCK GENRES,2,"GLAM, GOTH, METAL, PUNK"
SHOCK ___,3,"HORROR, JOCK, VALUE, WAVE"
THINGS THAT ARE RED,0,"DEVIL, MARS, ROSE, STRAWBERRY"
BE IN COMMISSION,1,"FUNCTION, OPERATE, RUN, WORK"
MICROSOFT PRODUCTS,2,"EDGE, OFFICE, TEAMS, WINDOWS"
BIOPICS,3,"BLONDE, JOBS, MILK, VICE"
LARGE BOAT,0,"BARGE, CRAFT, SHIP, VESSEL"
ALL-TIME GREAT,1,"BEST, CHAMP, GOAT, LEGEND"
REGARDING,2,"ABOUT, CONCERNING, ON, TOWARD"
HOMOPHONES OF BODY FEATURES,3,"HARE, I, MUSSEL, NAVAL"
METAL ELEMENTS,0,"GOLD, LEAD, MERCURY, TIN"
MATTRESS SIZES,1,"FULL, KING, QUEEN, TWIN"
SLANG FOR TOILET,2,"CAN, HEAD, JOHN, THRONE"
KINDS OF KNIVES,3,"BOWIE, BUTCHER, BUTTER, BUTTERFLY"
STATED,0,"SAID, SPOKE, TOLD, VOICED"
NICKNAME,1,"DESIGNATION, HANDLE, MONIKER, SOBRIQUET"
OBVIOUS,2,"CLEAR, MARKED, PRONOUNCED, STRIKING"
___HOUSE (THAT AREN’T HOUSES),3,"PORTER, POWER, ROUGH, WHEEL"
BLUNDER,0,"BOO-BOO, FLUB, GAFFE, GOOF"
FLOWERS,1,"DAISY, JASMINE, PETUNIA, POPPY"
THINGS BEES DO,2,"BUZZ, DANCE, POLLINATE, STING"
FIRST NAMES OF YANKEES LEGENDS,3,"BABE, LOU, MICKEY, YOGI"
BREADTH,0,"EXTENT, RANGE, REACH, SCOPE"
OTHER HALF,1,"COMPLEMENT, MATCH, MATE, PARTNER"
"BEERS, FAMILIARLY",2,"BUD, NATTY, SIERRA, STELLA"
WORDS AFTER “PAY”,3,"CHECK, DIRT, PAL, PHONE"
MEH,0,"AVERAGE, FAIR, OK, SO-SO"
U.S. STATE ABBREVIATIONS,1,"HI, MA, OR, PA"
KINDS OF BOOTS,2,"ANKLE, COWBOY, GO-GO, THIGH-HIGH"
THINGS THAT GO UP AND DOWN,3,"ELEVATOR, SUN, TIDE, YO-YO"
SPOKEN COMMUNICATION,0,"DIALECT, LANGUAGE, SPEECH, TONGUE"
CANOODLE,1,"FRENCH, KISS, MAKE OUT, NECK"
FIRST AID KIT ITEMS,2,"BANDAGE, DRESSING, SCISSORS, TAPE"
HOUSE STYLES,3,"COTTAGE, CRAFTSMAN, PRAIRIE, RANCH"
ALARM CLOCK BUTTONS,0,"ALARM, HOUR, SNOOZE, TIME SET"
“HERE’S A THOUGHT ...”,1,"PERHAPS, SAY, SUPPOSE, WHAT IF"
CANDY PIECES,2,"KISS, NERD, RUNT, WHOPPER"
SEVEN DWARFS MINUS LAST LETTER,3,"DO, DOPE, GRUMP, SLEEP"
MUSIC GENRES,0,"BLUES, COUNTRY, FOLK, ROCK"
BRATWURST GO-WITHS,1,"BRAT, BUN, MUSTARD, SAUERKRAUT"
YOGA POSES,2,"CHAIR, MOUNTAIN, TREE, WARRIOR"
STARTING WITH PIXAR MOVIES,3,"COCONUT, SOULMATE, UPDO, WALLET"
RUSH OF WIND,0,"BLOW, DRAFT, GUST, PUFF"
ROTATE,1,"CRANK, REEL, TURN, WIND"
ZODIAC SYMBOLS,2,"BULL, CRAB, LION, RAM"
DR. SEUSS TITLE FIGURES,3,"CAT, GRINCH, POP, TURTLE"
COVER WITH A THICK LAYER,0,"CAKE, COAT, PLASTER, SMEAR"
THINGS THAT ARE INFLATED,1,"BALLOON, BASKETBALL, FLOATIE, TIRE"
KINDS OF CHARTS,2,"BAR, BUBBLE, LINE, PIE"
CLASSIC COCKTAIL TYPES,3,"FIZZ, PUNCH, SLING, SOUR"
CLASSIC MOVIE THEATER EQUIPMENT,0,"PROJECTOR, REEL, SCREEN, SPEAKER"
TIER,1,"DECK, FLOOR, LEVEL, STORY"
NEWSPAPER NAMES,2,"GLOBE, MIRROR, POST, SUN"
PRANK VERBS,3,"EGG, MOON, STREAK, TOILET PAPER"
VISUAL INTERFACE,0,"DISPLAY, MONITOR, SCREEN, TERMINAL"
BURLESQUE WEAR,1,"BOA, CORSET, FAN, GLOVES"
BEIGE SHADES,2,"BUFF, CREAM, FAWN, TAN"
LANGUAGE HOMOPHONES,3,"BASK, CHECK, FINISH, TIE"
HEARSAY,0,"RUMBLING, SPECULATION, TALK, WHISPERS"
MOVE STEALTHILY,1,"CREEP, SLIP, STEAL, TIPTOE"
CAR RENTAL COMPANIES,2,"BUDGET, ENTERPRISE, NATIONAL, THRIFTY"
ENDING WITH CHEMICAL ELEMENTS,3,"ENVIRON, JARGON, LATIN, PLEAD"
HOPPING MAD,0,"BOILING, FUMING, LIVID, STEAMING"
STATUS,1,"POSITION, RANKING, STANDING, STATION"
WORDS THAT MAKE UP THE ACRONYM “HVAC”,2,"AIR, CONDITIONING, HEATING, VENTILATION"
ACTIVITIES THAT INVOLVE FOLDING,3,"BAKING, LAUNDRY, ORIGAMI, POKER"
OFFICIAL SANCTIONING,0,"APPROVAL, BLESSING, CONSENT, SUPPORT"
TORUS-SHAPED THINGS,1,"BAGEL, LIFESAVER, TIRE, WREATH"
BAD GOLF SHOTS,2,"HOOK, SHANK, SLICE, WHIFF"
FOOTWEAR MINUS “ER” SOUND,3,"LOAF, SLIP, SNEAK, WADE"
EXPLOSIVE SOUND,0,"BOOM, CRASH, ROAR, THUNDER"
CHILI PEPPER QUALITY,1,"FIRE, HEAT, KICK, SPICE"
CLASSIC BARBERSHOP SUPPLIES,2,"BRUSH, CAPE, CLIPPERS, GEL"
KINDS OF CARDS,3,"BASEBALL, MAGIC, SET, TAROT"
PLAYGROUND EQUIPMENT,0,"MONKEY BARS, SLIDE, SWINGS, TEETER-TOTTER"
FOUND AT THE END OF A STRING/CORD,1,"PENDULUM, TEA BAG, TETHERBALL, YO-YO"
DESCRIBED AS DRY,2,"DESERT, HUMOR, MARTINI, TEETOTALER"
BABY ___,3,"BLUES, BOOMER, STEPS, TEETH"
KINDS OF PIANOS,0,"ELECTRONIC, GRAND, PLAYER, UPRIGHT"
DEEM,1,"CONSIDER, COUNT, JUDGE, REGARD"
U.S. COLLEGES/UNIVERSITIES,2,"BROWN, DUKE, HOWARD, SMITH"
SECOND NAMES IN COMPANIES WITH AMPERSANDS,3,"GAMBLE, JOHNSON, NOBLE, YOUNG"
SPARKLING THINGS,0,"DIAMOND, GLITTER, GOLD, SEQUIN"
PARTICIPATE IN SUMMER OLYMPIC EVENTS,1,"BOX, DIVE, FENCE, ROW"
WONDERS OF THE WORLD,2,"GARDENS, LIGHTHOUSE, PYRAMID, TEMPLE"
ICE ___,3,"CREAM, CUBE, MACHINE, STORM"
NEWSPAPER SECTIONS,0,"ARTS, BUSINESS, COMICS, SPORTS"
TREE FEATURES,1,"BARK, CROWN, RINGS, ROOTS"
KINDS OF SALAD,2,"CHEF, GARDEN, GREEK, WEDGE"
SEEN ON BACKS OF U.S. COINS,3,"EAGLE, MONTICELLO, SHIELD, TORCH"
COOK IN A PAN,0,"BROWN, CHAR, GRILL, SEAR"
PARTS OF THE EAR,1,"ANVIL, CANAL, DRUM, HAMMER"
SHADES OF BLACK,2,"CHARCOAL, JET, RAVEN, SABLE"
WHERE YOU MIGHT FIND “A DRIVER”,3,"GOLF BAG, LIMOUSINE, MOVIE SET, TOOLBOX"
PECULIAR,0,"CURIOUS, FUNNY, OFF, WEIRD"
ASSIGNMENT,1,"JOB, POSITION, POST, STATION"
CLASSIC COLLECTION ITEMS,2,"COIN, COMIC, RECORD, STAMP"
CHAIN ___,3,"LETTER, MAIL, REACTION, STORE"
ABSOLVE,0,"EXCUSE, PARDON, SAVE, SPARE"
EXCESSIVELY,1,"BEYOND, EXTRA, OVER, TOO"
GLOBAL CURRENCIES,2,"POUND, REAL, WON, YEN"
___HEAD,3,"ARROW, BLOCK, FORE, KNUCKLE"
VERY SMALL AMOUNT,0,"HINT, TOUCH, TRACE, SHRED"
PUPPY PURCHASES,1,"BED, BOWL, COLLAR, CRATE"
HELP PUT ON A PARTY,2,"CATER, HOST, THROW, PLAN"
SYMBOLS ON A KEYBOARD,3,"BRACE, CARET, HASH, STAR"
HAIR SALON OFFERINGS,0,"BLOWOUT, COLOR, CUT, TRIM"
CRITICIZE,1,"BASH, BLAST, PAN, SLAM"
OBTAIN,2,"BAG, LAND, SCORE, SNAG"
MEASURED IN FOOTBALL STATS,3,"ATTEMPT, RECEPTION, SACK, YARD"
QUANTITY,0,"AMOUNT, COUNT, NUMBER, TOTAL"
INCIDENT,1,"AFFAIR, EPISODE, EVENT, MATTER"
THINGS RECEIVED IN THE MAIL,2,"BILL, CARD, CATALOG, LETTER"
WHAT “SPRING” MIGHT REFER TO,3,"BOUNCE, COIL, GEYSER, SEASON"
WAYS TO TRANSFORM AN IMAGE,0,"CROP, FLIP, ROTATE, SCALE"
THINGS USED IN GOLF,1,"BALL, DRIVER, GLOVE, TEE"
AQUARIUM PURCHASES,2,"FILTER, PUMP, ROCKS, TANK"
LOGOS WITH HORSES,3,"COACH, GODIVA, MUSTANG, POLO"
VERBS IN A CAKE RECIPE,0,"BAKE, BEAT, FROST, PREHEAT"
WHAT A HEART DOES WHEN EXCITED,1,"POUND, PUMP, RACE, THROB"
ECCLESIASTICAL TITLES,2,"BISHOP, PASTOR, PRIOR, POPE"
___ BOYS,3,"BAD, BEACH, HARDY, PET SHOP"
GET RED IN THE FACE,0,"BLUSH, BURN, FLUSH, GLOW"
CONTINUOUS,1,"CONSECUTIVE, NONSTOP, SOLID, STRAIGHT"
FLAVOR ASSORTMENT,2,"FLIGHT, PLATTER, SAMPLER, TASTING"
SITCOMS,3,"BLOSSOM, COACH, COMMUNITY, FULL HOUSE"
VARIETIES,0,"KINDS, SORTS, STRIPES, TYPES"
TRANSFER,1,"DELIVER, HAND, GIVE, PASS"
RATINGS SYSTEMS,2,"A-F, PERCENTAGE, STARS, THUMBS"
THINGS WITH KINGS,3,"CHECKERS, DECK OF CARDS, MONARCHY, NHL"
LARGE AMOUNT OF MONEY,0,"BUNDLE, FORTUNE, MINT, PILE"
BITS OF WISDOM,1,"KERNEL, NUGGET, PEARL, TIDBIT"
FEATURED IN “JURASSIC PARK”,2,"AMBER, DINOSAUR, PALEONTOLOGIST, MOSQUITO"
THINGS THAT ARE PURPLE,3,"AMETHYST, EGGPLANT, GRIMACE, LAVENDER"
MARK ONLINE FOR LATER,0,"BOOKMARK, FAVORITE, LIKE, SAVE"
BEHALF,1,"ADVANTAGE, BENEFIT, INTEREST, SAKE"
"NBA LEGENDS, FAMILIARLY",2,"BIRD, CURRY, KOBE, MAGIC"
ENDING WITH GREEK LETTERS,3,"BIOTA, FETA, MOCHI, PEPSI"
VITALITY,0,"ENERGY, JUICE, LIFE, ZIP"
PALINDROMES FEATURING “E”,1,"LEVEL, PEP, REFER, TENET"
FEATURED IN “JACK AND THE BEANSTALK”,2,"BEANS, COW, GIANT, JACK"
CAR MODELS,3,"BEETLE, CIVIC, FOCUS, VOLT"
WINE BOTTLE INFO,0,"GRAPE, REGION, VINTAGE, WINERY"
CONSOLE INPUTS,1,"BUTTON, KNOB, SLIDER, SWITCH"
PREFIXES,2,"PRO, RETRO, SUB, SUPER"
___ KING,3,"BURGER, CALIFORNIA, LION, PROM"
RESIDE,0,"DWELL, INHABIT, LIVE, STAY"
DECREASE,1,"DECLINE, DROP, DWINDLE, EBB"
DOOFUS,2,"CLOWN, DWEEB, SAP, TURKEY"
MEMBER OF A SEPTET,3,"DWARF, SEA, SIN, WONDER"
FOREMOST,0,"CHIEF, PREMIER, PRINCIPAL, SUPREME"
SPIKY THINGS,1,"CACTUS, HEDGEHOG, MACE, PINEAPPLE"
OVERLY SENTIMENTAL WORK,2,"CHEESE, CORN, MUSH, PAP"
THINGS THAT ARE CAPPED,3,"BOTTLE, GRADUATE, MUSHROOM, SALARY"
"GET EXCITED, WITH ""UP""",0,"AMP, FIRE, HYPE, PSYCH"
KINDS OF SHOES,1,"FLAT, MULE, PUMP, SLIDE"
LEGISLATIVE ROLES,2,"CHAIR, LEADER, SPEAKER, WHIP"
NAME HOMOPHONES,3,"DUG, MATTE, MIC, PEAT"
GATHERING SPOT OUTSIDE A RESIDENCE,0,"DECK, PORCH, STOOP, YARD"
LOWDOWN,1,"DISH, DOPE, INFO, SCOOP"
KINDS OF REELS,2,"BLOOPER, DEMO, HIGHLIGHT, SIZZLE"
CARTOON DOGS MINUS “Y”,3,"DROOP, GOOF, LAD, SNOOP"
PREFIX MEANING “VERY”,0,"EXTRA, HYPER, OVER, SUPER"
KINDS OF PARTIES,1,"BIRTHDAY, COCKTAIL, DINNER, SURPRISE"
PBS SHOWS,2,"FRONTLINE, NATURE, NOVA, MASTERPIECE"
PLACES IN FRANCE,3,"ANGERS, CHAMPAGNE, NICE, REUNION"
PRESUME,0,"FIGURE, IMAGINE, SUSPECT, THINK"
SOMEBODY,1,"CHARACTER, INDIVIDUAL, PARTY, PERSON"
"CHARACTERS IN “THE EMPIRE STRIKES BACK,"" FAMILIARLY",2,"BOBA, CHEWY, EMPEROR, SOLO"
WORDS AFTER “KITTY”,3,"CAT, CORNER, HAWK, LITTER"
CLAIRVOYANT,0,"MEDIUM, MYSTIC, ORACLE, PSYCHIC"
SPECIAL EDITION ADJECTIVES,1,"COLLECTIBLE, EXCLUSIVE, LIMITED, RARE"
“GREAT JOB!”,2,"IMPRESSIVE, NICE, PROPS, WELL DONE"
EXTREMELY,3,"AWFUL, BLOODY, REAL, WAY"
COLOR TYPES,0,"GRAYSCALE, NEON, NEUTRAL, PASTEL"
FILE MENU OPTIONS,1,"NEW, OPEN, PRINT, SAVE"
CHANCE TO WIN A PRIZE,2,"DRAWING, LOTTERY, POOL, RAFFLE"
WHAT “BRONZE” MIGHT MEAN,3,"ALLOY, SCULPTURE, SUNTAN, THIRD"
"NOT SMOOTH, AS TERRAIN",0,"BUMPY, ROUGH, RUGGED, UNEVEN"
BIT OF LAND FOR GROWING,1,"BED, PARCEL, PATCH, PLOT"
MEMBER OF A CARTOON DUO,2,"CHIP, ROCKY, SCRATCHY, STITCH"
___ PARK,3,"AMUSEMENT, NATIONAL, PARALLEL, SOUTH"
INSPIRED,0,"CREATIVE, FRESH, NOVEL, ORIGINAL"
PROCURE IN ADVANCE,1,"BOOK, CHARTER, RESERVE, SECURE"
BIT OF PARTY DECORATION,2,"BALLOON, BANNER, CONFETTI, GARLAND"
ONLINE PERSONALITY,3,"AMBASSADOR, INFLUENCER, MODEL, STREAMER"
TRIO OF SPORTS ACHIEVEMENTS,0,"HAT TRICK, THREEPEAT, TRIFECTA, TRIPLE CROWN"
NEEDS FOR PAINTING A ROOM,1,"DROP CLOTH, PAINT, ROLLER, TAPE"
FOOD NAMED AFTER CITIES,2,"BROIL, CHEESESTEAK, SPROUTS, WINGS"
___ DERBY,3,"DEMOLITION, HOME RUN, KENTUCKY, SOAP BOX"
DECORATIVE EDGE,0,"BORDER, FRILL, FRINGE, TRIM"
"INCREASE, IN A WAY",1,"GROW, MOUNT, SWELL, WAX"
SPECIFICATIONS FOR A BARTENDER,2,"DRY, NEAT, STRAIGHT, VIRGIN"
STRING ___,3,"BEAN, BIKINI, CHEESE, THEORY"
AREA OF HIGH GROUND,0,"BANK, DUNE, HILL, MOUND"
SIGNIFICANCE,1,"GRAVITY, IMPORT, SUBSTANCE, WEIGHT"
ACTIONS IN FANTASY SPORTS,2,"BENCH, DRAFT, START, TRADE"
"SCI-FI MOVIES, WITH “THE”",3,"ABYSS, FLY, MATRIX, THING"
COMPOSITE,0,"BLEND, COMPOUND, CROSS, HYBRID"
EMBED,1,"LODGE, PLANT, STICK, WEDGE"
ITEMS IN A MONOPOLY BOX,2,"DEED, HOTEL, HOUSE, TOKEN"
___ CONTROL,3,"BIRTH, CRUISE, QUALITY, REMOTE"
"MAKE GOOD ON, AS A PROMISE",0,"FULFILL, HONOR, KEEP, UPHOLD"
BEDDING,1,"BLANKET, SHAM, SHEET, THROW"
ACTIONS IN CARD GAMES,2,"DISCARD, DRAW, PASS, PLAY"
CABINET DEPARTMENTS,3,"ENERGY, JUSTICE, LABOR, STATE"
COOK WITH HEAT AND WATER,0,"BLANCH, BOIL, POACH, STEAM"
COMMON PERFUME INGREDIENTS,1,"AMBERGRIS, MUSK, ROSE, VANILLA"
CHARACTERS WITH PET DOGS,2,"CHARLIE, DOROTHY, SHAGGY, WALLACE"
CAPITAL CITY HOMOPHONES,3,"KETO, ROAM, SOPHIA, SOUL"
FLUSTERED STATE,0,"LATHER, STEW, SWEAT, TIZZY"
FITNESS,1,"CONDITION, FORM, HEALTH, SHAPE"
FAST-MOVING WATER,2,"CASCADE, CURRENT, RAPID, WAVE"
DISHWASHER CYCLES,3,"NORMAL, QUICK, RINSE, SANITIZE"
PUT ON THE LINE,0,"BET, CHANCE, GAMBLE, RISK"
USE A KITCHEN KNIFE,1,"CUBE, DICE, JULIENNE, SLICE"
ROBERT DE NIRO FILMS,2,"CASINO, HEAT, JOKER, TAXI DRIVER"
DISTINCTIVE NUMBER OF ARMS (OR LACK THEREOF),3,"OCTOPUS, SHIVA, SLOT MACHINE, VENUS DE MILO"
BEVERAGES,0,"JUICE, MILK, PUNCH, SODA"
CARE FOR A PLANT,1,"FERTILIZE, POT, PRUNE, WATER"
ITEM SOLD IN PAIRS,2,"BOOKEND, EARBUD, SKI, SOCK"
BUGS PLUS STARTING LETTER,3,"BLOUSE, PANT, SMITE, STICK"
CONCAVITY,0,"DENT, DIMPLE, DING, DIVOT"
SMALL AMOUNT,1,"DAB, DASH, DOLLOP, DROP"
DISNEY CHARACTERS,2,"DAISY, DALE, DOC, DORY"
___ DATE,3,"DELIVERY, DINNER, DREAM, DUE"
STEAK CUTS,0,"FILET, HANGER, SKIRT, T-BONE"
KINDS OF UNDERWEAR,1,"BIKINI, G-STRING, HIPSTER, THONG"
INVOLVED IN A DENTIST VISIT,2,"DRILL, SINK, TOOTHBRUSH, X-RAY"
BRANDS THAT HAVE BECOME GENERIC TERMS,3,"CHAPSTICK, JACUZZI, Q-TIP, XEROX"
TURN TAIL,0,"FLEE, LEAVE, RETREAT, WITHDRAW"
THINGS CATS DO,1,"KNEAD, PURR, SCRATCH, SHED"
PAGES ON A WEBSITE,2,"ABOUT, CONTACT, HOME, LOGIN"
___ CHEESE,3,"COTTAGE, CREAM, GOAT, STRING"
KNUCKLEHEAD,0,"DING-DONG, DODO, YAHOO, YO-YO"
CAR ONOMATOPOEIA,1,"BEEP BEEP, PURR, SKRRT, VROOM"
SOUNDS OF LAUGHTER,2,"HAR-HAR, HOOT, WHOOP, YUK"
FAMOUS PRIMATES,3,"BUBBLES, GEORGE, KING KONG, KOKO"
HALLOWEEN SYMBOLS,0,"BAT, PUMPKIN, SPIDER, WITCH"
PROHIBIT,1,"BAN, BLOCK, DENY, FORBID"
FOUND ON SHEET MUSIC,2,"ACCIDENTAL, NOTE, REST, STAFF"
CANDY ___,3,"APPLE, BAR, CANE, CORN"
EFFERVESCENCE,0,"BUBBLES, FIZZ, FOAM, FROTH"
BURGEON,1,"BLOSSOM, DEVELOP, MATURE, PROGRESS"
MUSIC PUBLICATIONS,2,"BILLBOARD, MOJO, PITCHFORK, SPIN"
ENDING WITH TABLEWARE,3,"BOILERPLATE, BUTTERCUP, JACKKNIFE, WITHERSPOON"
BODY PARTS,0,"ARM, EYE, HIP, LEG"
"COOL, IN ’80S SLANG",1,"BAD, FLY, ILL, RAD"
MOVIES,2,"BIG, ELF, HER, SAW"
WORDS IN “DO-RE-MI”,3,"DOE, FAR, SEW, TEA"
CHERISH,0,"RELISH, SAVOR, TREASURE, VALUE"
QUICK JUMP IN THE POOL,1,"DIP, DIVE, SPLASH, SWIM"
ADDITIONAL BENEFIT,2,"BONUS, EXTRA, FROSTING, GRAVY"
BRASHNESS,3,"BRASS, CHEEK, NERVE, SAUCE"
DRAPED ACCESSORIES,0,"SCARF, SHAWL, STOLE, WRAP"
TOLERATE,1,"BEAR, STAND, SWALLOW, TAKE"
BIRD ONOMATOPOEIA,2,"COO, GOBBLE, HONK, HOOT"
STARTS OF CELL PHONE MAKERS,3,"APP, GOO, MOTOR, SAM"
MADE OF KERATIN,0,"CLAW, HOOF, HORN, NAIL"
ROAD RUNNER CARTOON STAPLES,1,"ANVIL, BOULDER, COYOTE, TNT"
KINDS OF PANTS,2,"CAPRI, CARGO, HAMMER, STIRRUP"
___ ROLL,3,"CALIFORNIA, DRUM, EGG, HONOR"
RUMMAGE,0,"COMB, DIG, ROOT, SIFT"
SOUNDS OF THUNDER,1,"CLAP, PEAL, ROLL, RUMBLE"
WAYS TO WEAR YOUR HAIR UP,2,"BUN, BRAID, PONY, TWIST"
THINGS THAT CAN HAVE LEAVES,3,"BOOK, SALAD, TABLE, TREE"
FOOTBALL POSITIONS,0,"CENTER, GUARD, QUARTERBACK, SAFETY"
CABLE CHANNELS,1,"DISCOVERY, HISTORY, NICKELODEON, OXYGEN"
FICTIONAL CLOWNS,2,"HOMEY, JOKER, PENNYWISE, RONALD"
WHAT “D” MIGHT STAND FOR,3,"DEFENSE, DEMOCRAT, DIMENSIONAL, DRIVE"
AT SOME FUTURE POINT,0,"EVENTUALLY, LATER, NEXT, SOON"
PARTS OF A TOURNAMENT SETUP,1,"BRACKET, BYE, ROUND, SEED"
BIT OF BREAKFAST CEREAL,2,"CHEERIO, FLAKE, PEBBLE, PUFF"
WHAT THE OUTSTRETCHED INDEX AND MIDDLE FINGERS CAN REPRESENT,3,"PEACE, SCISSORS, TWO, VICTORY"
GRASSY AREA,0,"GREEN, LAWN, PARK, YARD"
DEAL WITH,1,"ADDRESS, ANSWER, FIELD, HANDLE"
MOVIES WITH “S” REMOVED,2,"CAR, GOODFELLA, JAW, SWINGER"
___ LAW,3,"CRIMINAL, HARVARD, LEMON, NATURAL"
CLUNKER,0,"BUST, DUD, FLOP, MISS"
OPPORTUNITY,1,"CHANCE, SHOT, TIME, TURN"
NON-CASH WAY TO PAY,2,"CARD, CHARGE, CREDIT, PLASTIC"
AMAZON ___,3,"KINDLE, PRIME, RAINFOREST, RIVER"
BRING ABOUT,0,"GENERATE, INSPIRE, PROMPT, PROVOKE"
THINGS THAT ARE OFTEN SCENTED,1,"CANDLE, INCENSE, LOTION, SOAP"
THINGS THAT MIGHT STING,2,"INSULT, JELLYFISH, NETTLE, WASP"
VIDEO GAME FRANCHISES,3,"CIVILIZATION, HALO, MADDEN, METROID"
BIT OF NEWSPAPER WRITING,0,"ARTICLE, COLUMN, FEATURE, STORY"
NOISY DISTURBANCE,1,"CLATTER, RACKET, ROW, RUCKUS"
TABLE TENNIS NEEDS,2,"BALL, NET, PADDLE, TABLE"
HOMOPHONES OF COORDINATING CONJUNCTIONS,3,"BUTT, FORE, OAR, SEW"
KINDS OF BEANS,0,"KIDNEY, MUNG, NAVY, PINTO"
ATTRACT,1,"DRAW, GRAB, HOOK, PULL"
AUTOMATIC GEAR SHIFTER POSITIONS,2,"DRIVE, LOW, NEUTRAL, REVERSE"
___POOL,3,"CAR, DEAD, LIVER, WHIRL"
BRAND-NAME,0,"DESIGNER, HAUTE, HIGH-END, LUXURY"
DEVISE,1,"CONCOCT, ENGINEER, HATCH, MASTERMIND"
NASA SPACECRAFT,2,"GALILEO, PIONEER, VIKING, VOYAGER"
GAMES WHERE YOU SAY THE GAME’S NAME,3,"BINGO, MARCO POLO, TAG, UNO"
YELLOW ___,0,"CAB, JACKET, JOURNALISM, PAGES"
GREEN ___,1,"BERET, GOBLIN, SALAD, THUMB"
BLUE ___,2,"JAY, JEANS, MOON, WHALE"
PURPLE ___,3,"HAZE, HEART, PROSE, RAIN"
LINEUP,0,"BILL, PROGRAM, SCHEDULE, SLATE"
NYT OFFERINGS,1,"AUDIO, COOKING, GAMES, NEWS"
THINGS MADE BY FOLDING PAPER,2,"AIRPLANE, CRANE, FAN, FORTUNE TELLER"
FRENCH WORDS,3,"ADIEU, BELLE, PAIN, TEMPS"
•,0,"DOT, PERIOD, POINT, TITTLE"
EVENT WITH DANCING,1,"BALL, FORMAL, HOP, RAVE"
IPHONE MESSAGE TAPBACK RESPONSES,2,"EXCLAMATION POINTS, HEART, QUESTION MARK, THUMBS UP"
“PAN”,3,"BAD REVIEW, CAMERA MOVEMENT, COOKWARE, SATYR"
FLUSTER,0,"FAZE, RATTLE, RUFFLE, THROW"
SERIES OF MESSAGES,1,"CHAIN, CHAT, CONVERSATION, THREAD"
PLACES TO LIE/SIT THAT MOVE,2,"CRADLE, HAMMOCK, ROCKER, SWING"
CYLINDER-SHAPED THINGS,3,"CAN, ROLLER, SILO, SPOOL"
SASSY,0,"CUTE, FRESH, SMART, WISE"
AMBIENCE,1,"AIR, MOOD, FEELING, QUALITY"
UNITS,2,"BAR, BEL, LUX, MOLE"
THE LITTLE ___,3,"MERMAID, PRINCE, RASCALS, TRAMP"
